"ID","Description","GeneRatio","BgRatio","RichFactor","FoldEnrichment","zScore","pvalue","p.adjust","qvalue","geneID","Count"
"GO:0042391","regulation of membrane potential","35/530","474/18860",0.0738396624472574,2.62757742217976,6.10243598306045,2.15920128421917e-07,0.000752565328516069,0.000704048261260499,"DSG2/KCNB2/CTNNA3/CHRNA7/HTR3B/KCNH7/KCNB1/KCNH1/RYR2/GRIK4/CACNA1C/GNA14/GRID2/NALCN/GRIN2A/KCNQ3/GRID1/ADCY10/APP/NOS1AP/PID1/RGS7/KCNIP1/GRM5/CACNG2/DMD/KCNK2/CACNA1D/KCNMA1/MFN1/SCN10A/KCNH8/SLC26A5/GRIA1/CNGB1",35
"GO:0098742","cell-cell adhesion via plasma-membrane adhesion molecules","25/530","279/18860",0.0896057347670251,3.18861161831338,6.26256566919083,3.63997740515632e-07,0.000752565328516069,0.000704048261260499,"PTPRD/SDK1/CDH11/PTPRM/DSG2/DSCAML1/HMCN1/NECTIN1/LRRC4C/GRID2/CDH13/CDH23/CDH20/CLDN1/CDH26/EFNA5/VCAM1/ADGRL3/CLSTN2/DCHS2/PTPRT/CEACAM8/FAT3/NTNG2/CDH9",25
"GO:1990806","ligand-gated ion channel signaling pathway","10/530","47/18860",0.212765957446809,7.57125652348454,7.66980557459778,5.73635551805195e-07,0.00079066100223816,0.000739687948380383,"CHRM3/CHRNA7/HTR3B/GRIK4/GRID2/GRIN2A/GRID1/APP/PLCB1/GRIA1",10
"GO:0006816","calcium ion transport","31/530","439/18860",0.0706150341685649,2.51282932909271,5.45357922985054,2.73736731969146e-06,0.00282975346673105,0.00264732234207003,"CACNA1A/TRPM8/PLPP4/UBASH3B/CHRNA7/SESTD1/RYR2/CACNA1C/RYR3/NALCN/NALF1/CDH23/GRIN2A/CCL5/MYLK/NOS1AP/CACHD1/ATP2B2/EFHB/CACNA2D3/PLCB1/JPH2/CACNG2/DMD/PRKCE/PLCE1/CACNA1D/SLC24A3/PPP3CC/PRKCB/CNGB1",31
"GO:0048167","regulation of synaptic plasticity","20/530","231/18860",0.0865800865800866,3.08094421301968,5.41112652334658,8.95074670314468e-06,0.00651466860878593,0.00609467501744754,"SORCS2/RAPGEF2/CHRNA7/SLC38A1/KCNB1/SHANK2/GRID2/GRIN2A/SHISA6/KCNQ3/HRH1/GRID1/UNC13C/APP/SORCS3/SYT7/GRM5/LARGE1/GRIA1/ADCY8",20
"GO:0010975","regulation of neuron projection development","30/530","448/18860",0.0669642857142857,2.38291778975741,5.03733599718304,1.1245873466534e-05,0.00651466860878593,0.00609467501744754,"PTPRD/FIG4/MARK1/RAPGEF2/NEGR1/LRRC4C/FN1/GRID2/DCC/MAGI2/DISC1/EFNA5/SEMA5A/CTNNA2/ADCY10/NEO1/FUT9/CAMK1D/MAP2K1/MINAR1/DMD/SEMA6C/FAT3/NIN/SPOCK1/NTNG2/IL15RA/ANKRD27/LRP8/BMP5",30
"GO:0070588","calcium ion transmembrane transport","25/530","339/18860",0.0737463126843658,2.62425557967385,5.13142556038962,1.21149543101569e-05,0.00651466860878593,0.00609467501744754,"CACNA1A/TRPM8/UBASH3B/CHRNA7/SESTD1/RYR2/CACNA1C/RYR3/NALCN/NALF1/GRIN2A/NOS1AP/CACHD1/ATP2B2/CACNA2D3/PLCB1/JPH2/CACNG2/DMD/PRKCE/PLCE1/CACNA1D/SLC24A3/PPP3CC/CNGB1",25
"GO:0007215","glutamate receptor signaling pathway","10/530","65/18860",0.153846153846154,5.47460087082729,6.14477306882146,1.26039537775786e-05,0.00651466860878593,0.00609467501744754,"KCNB1/GRIK4/GRID2/GRIN2A/GRID1/APP/GRM5/PLCB1/GRM7/GRIA1",10
"GO:0019722","calcium-mediated signaling","20/530","242/18860",0.0826446280991736,2.94090129424606,5.16726401925824,1.77477167990691e-05,0.00815408988490565,0.00762840458907357,"CA8/TRPM8/CAMTA1/CHRM3/NEGR1/RYR2/CALCR/CACNA1C/RYR3/CDH13/GRIN2A/APP/EFHB/KSR2/GRM5/JPH2/DMD/PLCE1/GRIA1/PPP3CC",20
"GO:0007156","homophilic cell adhesion via plasma membrane adhesion molecules","16/530","168/18860",0.0952380952380952,3.38903863432165,5.28890736285234,2.17724807988919e-05,0.00900292081034181,0.00842251230904503,"SDK1/CDH11/PTPRM/DSG2/DSCAML1/HMCN1/NECTIN1/CDH13/CDH23/CDH20/CDH26/CLSTN2/DCHS2/PTPRT/FAT3/CDH9",16
"GO:0071805","potassium ion transmembrane transport","18/530","208/18860",0.0865384615384615,3.07946298984035,5.12786038081279,2.50945378916836e-05,0.00943326492564653,0.00882511260784089,"KCNB2/KCNH7/KCNB1/KCNH1/NALCN/KCNQ3/STK39/NOS1AP/KCNIP1/LARGE1/SLC12A8/KCNK2/CACNA1D/KCNMA1/SLC24A3/DPP6/KCNH8/KCNIP4",18
"GO:0060292","long-term synaptic depression","7/530","33/18860",0.212121212121212,7.54831332189823,6.40194431766098,3.01151911729302e-05,0.0103771929583388,0.00970818662811565,"SORCS2/KCNB1/SHANK2/GRID2/SORCS3/GRIA1/ADCY8",7
"GO:0006813","potassium ion transport","19/530","240/18860",0.0791666666666667,2.81713836477987,4.8174788064321,5.15763366469226e-05,0.0156839688579785,0.0146728404640924,"KCNB2/KCNH7/KCNB1/KCNH1/NALCN/KCNQ3/STK39/NOS1AP/KCNIP1/LARGE1/SLC12A8/KCNK2/CACNA1D/KCNMA1/SLC24A3/DPP6/KCNH8/KCNIP4/CNGB1",19
"GO:0006874","intracellular calcium ion homeostasis","22/530","304/18860",0.0723684210526316,2.57522343594836,4.70817727738884,5.31017083462392e-05,0.0156839688579785,0.0146728404640924,"PACS2/TRPM8/UBASH3B/CHRNA7/RYR2/CACNA1C/RYR3/CDH23/ERC2/DISC1/CCL5/ATP2B2/GRM5/PLCB1/JPH2/DMD/PRKCE/PLCE1/SLC24A3/ADCY8/PRKCB/CNGB1",22
"GO:0072657","protein localization to membrane","28/530","458/18860",0.0611353711790393,2.17549641591827,4.33049526121362,0.000108057080137439,0.0297877350912208,0.0278673522459712,"PACS2/KCNB2/RAPGEF2/ERBB4/KCNB1/TTC7A/MAGI2/GRIN2A/SHISA6/MYO5A/TSPAN5/DLG2/IFT80/GPC3/PIGR/ABCA12/PID1/TNFRSF1A/LARGE1/MAP2K1/CACNG2/PRKCE/COMMD1/DPP6/KCNIP4/KIF13A/LYPLA1/VPS26B",28
"GO:0001764","neuron migration","16/530","197/18860",0.0812182741116751,2.89014462216263,4.53475107673441,0.000147591228429898,0.0369088008216428,0.0345293306229332,"MARK1/RAPGEF2/ERBB4/DCC/DISC1/CTNNA2/NRG3/ADGRL3/ASPM/NEO1/LARGE1/PITX2/FAT3/SPOCK1/NTNG2/LRP8",16
"GO:0007626","locomotory behavior","17/530","218/18860",0.0779816513761468,2.77496970746062,4.48217669459013,0.000151741140016428,0.0369088008216428,0.0345293306229332,"FIG4/NEGR1/MEIS1/KLHL1/NAV2/APBA1/CDH23/OXR1/APP/ELAVL4/APBA2/GRM5/LARGE1/PRKCE/ANKFN1/GRIA1/ADCY8",17
"GO:0007409","axonogenesis","28/530","472/18860",0.0593220338983051,2.11096897985289,4.15644192909753,0.000178764074332154,0.0397767338945373,0.0372123711735314,"EPHA5/PTK2/CDH11/PTPRM/DSCAML1/NECTIN1/LRRC4C/PARD3/FN1/DCC/DISC1/NFIB/ARK2C/EFNA5/SEMA5A/NRXN3/CTNNA2/ADCY10/APP/NEO1/DCHS2/MAP2K1/SEMA6C/TRIO/GLI3/NIN/NTNG2/DCLK1",28
"GO:0055074","calcium ion homeostasis","22/530","331/18860",0.0664652567975831,2.36515989283475,4.26076478236215,0.00018277096589993,0.0397767338945373,0.0372123711735314,"PACS2/TRPM8/UBASH3B/CHRNA7/RYR2/CACNA1C/RYR3/CDH23/ERC2/DISC1/CCL5/ATP2B2/GRM5/PLCB1/JPH2/DMD/PRKCE/PLCE1/SLC24A3/ADCY8/PRKCB/CNGB1",22
"GO:0035235","ionotropic glutamate receptor signaling pathway","6/530","31/18860",0.193548387096774,6.88740109555691,5.57836434201814,0.000193737317212363,0.0400551903336561,0.0374728758292335,"GRIK4/GRID2/GRIN2A/GRID1/APP/GRIA1",6
"GO:0050850","positive regulation of calcium-mediated signaling","8/530","59/18860",0.135593220338983,4.82507195394947,5.00369895643535,0.00023196320336258,0.0456746593287747,0.0427300637773174,"CA8/CAMTA1/NEGR1/CALCR/CDH13/APP/GRM5/PPP3CC",8
"GO:0042886","amide transport","22/530","338/18860",0.0650887573964497,2.31617729150385,4.1518804155779,0.000245231332347156,0.0458501873813199,0.0428942757274487,"EPHA5/CHRM3/KCNB1/PTPRN2/CYB5R4/CCL5/EFNA5/ABCA13/DISP1/ABCA12/ABCG2/ABCC1/SLC13A3/SYT7/RAPGEF4/PLCB1/PRKCE/SGPP1/GHRH/ADCY8/SLC25A47/PRKCB",22
"GO:0098911","regulation of ventricular cardiac muscle cell action potential","4/530","12/18860",0.333333333333333,11.8616352201258,6.39984170654355,0.000255031272012178,0.0458501873813199,0.0428942757274487,"DSG2/CTNNA3/RYR2/CACNA1C",4
"GO:0035249","synaptic transmission, glutamatergic","11/530","110/18860",0.1,3.55849056603774,4.57610055497993,0.000269832314751409,0.0464898592290448,0.0434927086276942,"UNC13A/GRIK4/GRID2/GRIN2A/DISC1/GRID1/UNC13C/GRM5/CACNG2/GRM7/GRIA1",11
"GO:1990778","protein localization to cell periphery","23/530","365/18860",0.063013698630137,2.24233652106487,4.07544042871575,0.00028477701941074,0.046646685332172,0.0436394243227218,"PACS2/KCNB2/RAPGEF2/ERBB4/KCNB1/TTC7A/GRIN2A/MYO5A/TSPAN5/IFT80/ABCA12/PID1/TNFRSF1A/LARGE1/MAP2K1/CACNG2/PRKCE/COMMD1/DPP6/KCNIP4/KIF13A/LYPLA1/VPS26B",23
"GO:1904645","response to amyloid-beta","8/530","61/18860",0.131147540983607,4.66687287349211,4.87763647680301,0.000293304430141831,0.046646685332172,0.0436394243227218,"CACNA1A/CHRNA7/IGF1R/CALCR/APP/VCAM1/ABCC1/GRM5",8
"GO:0071625","vocalization behavior","5/530","22/18860",0.227272727272727,8.08747855917667,5.65590016340288,0.000304637619289773,0.0466546872504893,0.0436469103660786,"CNTNAP2/SHANK2/NRXN3/BRINP1/GLI3",5
"GO:0007613","memory","12/530","131/18860",0.0916030534351145,3.25968601469106,4.41308693978208,0.000327727407924583,0.0483983154202911,0.0452781287264227,"CHRNA7/GRIN2A/HRH1/CSMD1/APP/BRINP1/SORCS3/LARGE1/PLCB1/KCNK2/GRIA1/ADCY8",12
