"SNP","CHR","BP","Metabolite","Beta","SE","P","Run","Nearest_Gene","Distance","Consequence","Cis_Trans"
"rs10112030",8,6668233,"Glycochenodeoxycholate",2133.09838128116,246.722592329717,6.5052728234081e-15,"Unadjusted",NA,NA,NA,NA
"rs10112030",8,6668233,"Glycochenodeoxycholate",2014.95274741121,250.158328778431,2.83897014363743e-13,"Adjusted",NA,NA,NA,NA
"rs7722362",5,51408289,"Hippurate",457.819970949064,66.8134954781303,1.64191683796489e-10,"Unadjusted",NA,NA,NA,NA
"rs16930873",9,13763241,"alpha.Hydroxybutyrate",419.825804714153,61.3223384966702,1.69549426356508e-10,"Unadjusted",NA,NA,NA,NA
"rs10506868",10,114309370,"Uridine",2251.56227649285,337.019405348179,4.08924432730863e-10,"Unadjusted",NA,NA,NA,NA
"rs9875609",3,117385410,"Paraxanthine",741.940713974077,112.903688715145,8.65105252370237e-10,"Adjusted",NA,NA,NA,NA
"rs1453505",16,16878868,"alpha.Hydroxybutyrate",391.988480871159,60.7034007270459,1.31923777505612e-09,"Unadjusted",NA,NA,NA,NA
"rs34919777",18,50571002,"Tyrosine",284.770526115956,44.3501597281406,1.59416301300849e-09,"Unadjusted",NA,NA,NA,NA
"rs9443050",6,63554706,"alpha.Hydroxybutyrate",389.822006457724,60.7670757427593,1.64396043339681e-09,"Unadjusted",NA,NA,NA,NA
"rs10506868",10,114309370,"Uridine",2295.25531931368,356.074492381558,1.64717058865845e-09,"Adjusted",NA,NA,NA,NA
"rs6966547",7,41541216,"Hippurate",492.76761414007,76.8579376514042,1.67499329942228e-09,"Unadjusted",NA,NA,NA,NA
"rs13434465",4,8441848,"alpha.Hydroxybutyrate",372.056354019468,58.2688684544593,1.91845406151221e-09,"Unadjusted",NA,NA,NA,NA
"rs10936743",3,174256037,"Propionylcarnitine..C3.",1574.73626464608,247.326007388841,2.10652776606779e-09,"Unadjusted",NA,NA,NA,NA
"rs9311665",3,58015066,"alpha.Hydroxybutyrate",416.4713398892,66.5783276432911,4.32958208455052e-09,"Adjusted",NA,NA,NA,NA
"rs34919777",18,50571002,"Tyrosine",290.533509381184,46.6855892829128,5.08873971666273e-09,"Adjusted",NA,NA,NA,NA
"rs2275753",1,203894696,"Glycine",885.913535112253,143.53544773224,5.70955373912866e-09,"Unadjusted",NA,NA,NA,NA
"rs10936743",3,174256037,"Propionylcarnitine..C3.",1564.40606877377,253.829638294502,6.8698027615864e-09,"Adjusted",NA,NA,NA,NA
"rs9986893",7,12930530,"Propionylcarnitine..C3.",1032.54588885422,167.676740582464,7.05238359082554e-09,"Adjusted",NA,NA,NA,NA
"rs12438191",15,76990629,"Isovalerylcarnitine..C5.",538.588865238458,88.1235096174641,7.74657617328259e-09,"Unadjusted",NA,NA,NA,NA
"rs2678298",2,153100954,"alpha.Hydroxybutyrate",353.465453050925,57.7561109943815,8.52109847568019e-09,"Adjusted",NA,NA,NA,NA
"rs1215411",5,3204931,"alpha.Hydroxybutyrate",333.433699726112,54.9663867085227,9.74517476140865e-09,"Unadjusted",NA,NA,NA,NA
"rs8059887",16,85652900,"alpha.Hydroxybutyrate",372.660229061992,61.4887996993933,1.00189268342665e-08,"Unadjusted",NA,NA,NA,NA
"rs2487372",6,40587968,"alpha.Hydroxybutyrate",333.03348265073,54.9821397439254,1.01963663423215e-08,"Unadjusted",NA,NA,NA,NA
"rs17801149",20,58286392,"Isovalerylcarnitine..C5.",513.343990307455,84.8607853482494,1.06070048688896e-08,"Unadjusted",NA,NA,NA,NA
"rs16989065",23,30393173,"Glycochenodeoxycholate",1461.52057638649,241.395764610135,1.17903332979245e-08,"Adjusted",NA,NA,NA,NA
"rs7203791",16,50593116,"alpha.Hydroxybutyrate",405.841761153172,67.0996049523374,1.21517452027059e-08,"Adjusted",NA,NA,NA,NA
"rs6509019",19,47782093,"alpha.Hydroxybutyrate",432.34794615026,71.5309540599048,1.24027941877318e-08,"Adjusted",NA,NA,NA,NA
"rs13116847",4,189922979,"alpha.Hydroxybutyrate",325.592944108092,54.1332371971705,1.2611986708321e-08,"Unadjusted",NA,NA,NA,NA
"rs6729316",2,216441026,"Hexanoylcarnitine..C6.",346.930974005858,57.7479461644393,1.30596483729521e-08,"Unadjusted",NA,NA,NA,NA
"rs12881307",14,99539809,"Hexanoylcarnitine..C6.",341.156159569701,56.5679170923393,1.32438864172668e-08,"Adjusted",NA,NA,NA,NA
"rs6509019",19,47782093,"alpha.Hydroxybutyrate",369.452803072861,61.6143555044299,1.38286368772133e-08,"Unadjusted",NA,NA,NA,NA
"rs291799",5,96767581,"alpha.Hydroxybutyrate",349.428591406833,58.2903395584546,1.39387723579311e-08,"Unadjusted",NA,NA,NA,NA
"rs16834635",1,163006475,"Hippurate",494.241153131646,82.5388238311073,1.44078756119125e-08,"Unadjusted",NA,NA,NA,NA
"rs7203791",16,50593116,"alpha.Hydroxybutyrate",319.968509732204,53.5927337367511,1.57287544344373e-08,"Unadjusted",NA,NA,NA,NA
"rs12327670",19,37494099,"Paraxanthine",584.507641321127,97.9583722988699,1.60028775014669e-08,"Unadjusted",NA,NA,NA,NA
"rs12327670",19,37494099,"Paraxanthine",606.533613627743,101.231346173513,1.6075354977811e-08,"Adjusted",NA,NA,NA,NA
"rs6729316",2,216441026,"Hexanoylcarnitine..C6.",379.355205271202,63.404900832212,1.67609298461833e-08,"Adjusted",NA,NA,NA,NA
"rs9875609",3,117385410,"Paraxanthine",633.185266332885,106.896949498248,1.98670835704586e-08,"Unadjusted",NA,NA,NA,NA
"rs13438707",7,77491157,"alpha.Hydroxybutyrate",353.039594484008,59.6763482849561,2.06105007024862e-08,"Unadjusted",NA,NA,NA,NA
"rs2678298",2,153100954,"alpha.Hydroxybutyrate",345.505593078892,58.4419921782317,2.10188141102371e-08,"Unadjusted",NA,NA,NA,NA
"rs7722362",5,51408289,"Hippurate",411.048051759046,69.339516648804,2.1944071810465e-08,"Adjusted",NA,NA,NA,NA
"rs16989065",23,30393173,"Glycochenodeoxycholate",1441.51011676924,244.586518745436,2.30065588107359e-08,"Unadjusted",NA,NA,NA,NA
"rs2275753",1,203894696,"Glycine",882.664448597865,149.370593438091,2.40559763702507e-08,"Adjusted",NA,NA,NA,NA
"rs958535",5,82639636,"Isovalerylcarnitine..C5.",685.252657329968,116.589542441169,2.49191290300155e-08,"Unadjusted",NA,NA,NA,NA
"rs11083366",18,25587760,"Glycochenodeoxycholate",1618.08477557918,274.505182559107,2.58393856393808e-08,"Adjusted",NA,NA,NA,NA
"rs9808399",2,178404874,"Oleate..18.1.",776.867557738488,132.606980602954,2.73720788345793e-08,"Unadjusted",NA,NA,NA,NA
"rs9468645",6,29940846,"Glycochenodeoxycholate",1065.34802398953,182.185796794708,2.88698475905931e-08,"Unadjusted",NA,NA,NA,NA
"rs41488847",14,71550353,"alpha.Hydroxybutyrate",346.214505142446,59.2940967344599,3.01240660387468e-08,"Unadjusted",NA,NA,NA,NA
"rs6035924",20,21610517,"alpha.Hydroxybutyrate",361.21110216775,61.9045091257666,3.07163696856389e-08,"Unadjusted",NA,NA,NA,NA
"rs2824011",21,17035528,"alpha.Hydroxybutyrate",271.810134819453,46.6314684728954,3.1645822309004e-08,"Unadjusted",NA,NA,NA,NA
"rs17121392",14,85178188,"Uridine",2355.28099120083,403.900687126681,3.51224826463023e-08,"Adjusted",NA,NA,NA,NA
"rs17067210",13,76584034,"Xanthine",1194.78865731915,206.585186208282,4.42475142899488e-08,"Adjusted",NA,NA,NA,NA
"rs2451374",6,34067974,"alpha.Hydroxybutyrate",322.585120960988,56.2491660106029,5.00748328393676e-08,"Unadjusted",NA,NA,NA,NA
"rs17121392",14,85178188,"Uridine",2187.48669005218,381.654710048898,5.08956447426809e-08,"Unadjusted",NA,NA,NA,NA
"rs11200847",10,85845432,"Paraxanthine",613.502648939815,106.789900646395,5.32643061214582e-08,"Adjusted",NA,NA,NA,NA
"rs9630111",10,89834492,"alpha.Hydroxybutyrate",363.870396317514,63.626717350042,5.41473249795393e-08,"Unadjusted",NA,NA,NA,NA
"rs6985032",8,130740930,"Linoleate..18.2.",961.454250809033,168.459502021435,5.72522351093396e-08,"Unadjusted",NA,NA,NA,NA
"rs3758245",9,4669078,"alpha.Hydroxybutyrate",297.689531358933,52.1818151550732,5.79443016268119e-08,"Unadjusted",NA,NA,NA,NA
"rs6006951",22,43961771,"alpha.Hydroxybutyrate",342.016023371856,60.1127411758029,6.23917582913823e-08,"Unadjusted",NA,NA,NA,NA
"rs396662",13,39545834,"alpha.Hydroxybutyrate",334.312174543162,58.8854494131513,6.61965562972567e-08,"Unadjusted",NA,NA,NA,NA
"rs10969339",9,29723159,"Hexanoylcarnitine..C6.",330.79811795979,58.3366035615189,6.84143007125219e-08,"Unadjusted",NA,NA,NA,NA
"rs17801149",20,58286392,"Isovalerylcarnitine..C5.",536.794716296528,94.3188639713488,6.88689736431389e-08,"Adjusted",NA,NA,NA,NA
"rs519413",11,125074856,"alpha.Hydroxybutyrate",344.261983535773,60.8876498409012,7.40651105758312e-08,"Unadjusted",NA,NA,NA,NA
"rs13438707",7,77491157,"alpha.Hydroxybutyrate",381.855673612358,67.3224835090908,7.54871673654346e-08,"Adjusted",NA,NA,NA,NA
"rs10494137",1,111928822,"Glycine",728.668735981416,129.104930448472,7.77379858591869e-08,"Unadjusted",NA,NA,NA,NA
"rs17067210",13,76584034,"Xanthine",1093.92748904043,193.828678899849,7.78197689212831e-08,"Unadjusted",NA,NA,NA,NA
"rs300122",6,166324325,"alpha.Hydroxybutyrate",359.642456466713,63.7826198478611,7.97995627541149e-08,"Unadjusted",NA,NA,NA,NA
"rs11783611",8,6542023,"N.acetylglycine",252.061344486322,44.6739565466582,8.69826992984168e-08,"Adjusted",NA,NA,NA,NA
"rs6985032",8,130740930,"Linoleate..18.2.",970.21904679605,172.110804367243,8.91010369530883e-08,"Adjusted",NA,NA,NA,NA
"rs1353302",8,108878544,"Linoleate..18.2.",935.121546214421,165.971286275588,9.03532617124124e-08,"Adjusted",NA,NA,NA,NA
"rs4635207",13,31290752,"Linoleate..18.2.",1308.04680292178,232.306012479116,9.18800531923116e-08,"Adjusted",NA,NA,NA,NA
"rs7052616",23,43228260,"Hexanoylcarnitine..C6.",297.464718974887,52.8295457523115,9.19040576914835e-08,"Adjusted",NA,NA,NA,NA
"rs1867027",9,32866777,"alpha.Hydroxybutyrate",330.793776058466,59.0143343398936,9.36171692086178e-08,"Unadjusted",NA,NA,NA,NA
"rs7341232",6,11999623,"alpha.Hydroxybutyrate",341.453218326202,60.9902654616912,9.67297219362487e-08,"Unadjusted",NA,NA,NA,NA
"rs1256717",18,70224932,"alpha.Hydroxybutyrate",357.003393764153,63.8539516490456,1.00290978555431e-07,"Unadjusted",NA,NA,NA,NA
"rs12461154",19,9934324,"Tyrosine",193.737413007813,34.6583486606138,1.00779899257307e-07,"Unadjusted",NA,NA,NA,NA
"rs12776610",10,108854723,"Pyridoxate",793.104876835322,141.944403274362,1.01986552089588e-07,"Unadjusted",NA,NA,NA,NA
"rs17817461",8,13314065,"Gulono.1.4.lactone",835.766070764239,149.580285870669,1.01998917585456e-07,"Unadjusted",NA,NA,NA,NA
"rs13029887",2,237423445,"Erythritol",860.655507477867,154.328441158358,1.0731738985608e-07,"Unadjusted",NA,NA,NA,NA
"rs11101349",10,49385114,"Hexanoylcarnitine..C6.",254.374898365437,45.6855220679467,1.1193751919075e-07,"Unadjusted",NA,NA,NA,NA
"rs848519",2,36605505,"Glycochenodeoxycholate",1320.05470646931,237.480889224592,1.17062875812149e-07,"Unadjusted",NA,NA,NA,NA
"rs12053941",3,191164935,"Uridine",2541.14794564142,455.91319974816,1.20288988372032e-07,"Adjusted",NA,NA,NA,NA
"rs2322732",11,126661942,"Isovalerylcarnitine..C5.",575.514256598668,103.351524955053,1.23298809753862e-07,"Adjusted",NA,NA,NA,NA
"rs307238",11,13451340,"Glycine",842.349878532732,151.295024198296,1.23831418757703e-07,"Adjusted",NA,NA,NA,NA
"rs2487372",6,40587968,"alpha.Hydroxybutyrate",313.013201435622,56.2442032511228,1.25207751036262e-07,"Adjusted",NA,NA,NA,NA
"rs6903596",6,89690059,"alpha.Hydroxybutyrate",300.957371789407,54.3031652488115,1.26579712225331e-07,"Unadjusted",NA,NA,NA,NA
"rs12881307",14,99539809,"Hexanoylcarnitine..C6.",294.09559475386,53.0890259597283,1.28096106117771e-07,"Unadjusted",NA,NA,NA,NA
"rs1702405",21,30914735,"alpha.Hydroxybutyrate",321.023861862645,57.9506488802538,1.28133053238359e-07,"Unadjusted",NA,NA,NA,NA
"rs12461154",19,9934324,"Tyrosine",201.741322456436,36.2827629008454,1.28192105599847e-07,"Adjusted",NA,NA,NA,NA
"rs12438191",15,76990629,"Isovalerylcarnitine..C5.",527.882064248973,94.9796006763123,1.29652637153814e-07,"Adjusted",NA,NA,NA,NA
"rs17098586",10,120996217,"Paraxanthine",733.290807021855,132.148720848154,1.35176498112124e-07,"Adjusted",NA,NA,NA,NA
"rs17023457",1,119677253,"Glycine",949.851308916621,171.391014130935,1.396790573086e-07,"Adjusted",NA,NA,NA,NA
"rs201363",12,97768957,"Hexanoylcarnitine..C6.",309.142531935971,56.0085942893878,1.409499009087e-07,"Unadjusted",NA,NA,NA,NA
"rs11173546",12,38461138,"Paraxanthine",567.275813643873,102.443120772656,1.42692837825709e-07,"Adjusted",NA,NA,NA,NA
"rs11640087",16,76899423,"alpha.Hydroxybutyrate",297.998472835246,54.1079047434597,1.49259741902355e-07,"Unadjusted",NA,NA,NA,NA
"rs4468012",9,85127575,"X1.oleoyl.GPC..18.1.",145.480262825702,26.4310041112628,1.51637445939569e-07,"Unadjusted",NA,NA,NA,NA
"rs6086545",20,863863,"Glycochenodeoxycholate",1205.76437310132,219.081378034129,1.51942327974209e-07,"Unadjusted",NA,NA,NA,NA
"rs16914496",9,100078523,"Uridine",1589.72517253635,288.993752793435,1.53994355740177e-07,"Unadjusted",NA,NA,NA,NA
"rs2826175",21,20620980,"Linoleate..18.2.",1003.67914667355,182.570080383788,1.56493334030498e-07,"Unadjusted",NA,NA,NA,NA
"rs17817461",8,13314065,"Gulono.1.4.lactone",903.429965043206,163.852582439772,1.59549024898605e-07,"Adjusted",NA,NA,NA,NA
"rs10494137",1,111928822,"Glycine",752.628641159013,136.58918320556,1.62196668294521e-07,"Adjusted",NA,NA,NA,NA
"rs11701620",21,43474442,"Tyrosine",211.893302819197,38.5996903261897,1.62529817680502e-07,"Unadjusted",NA,NA,NA,NA
"rs7584378",2,49889892,"alpha.Hydroxybutyrate",314.728854935939,57.4463682310994,1.71091078962418e-07,"Unadjusted",NA,NA,NA,NA
"rs1425124",7,37414730,"Hippurate",459.420422231736,83.8673219162377,1.71668084314078e-07,"Unadjusted",NA,NA,NA,NA
"rs10413542",19,17649940,"alpha.Hydroxybutyrate",335.232598795386,61.2139386076013,1.7291696112612e-07,"Unadjusted",NA,NA,NA,NA
"rs17085776",13,69428901,"alpha.Hydroxybutyrate",221.957589259456,40.613767818547,1.82419859121392e-07,"Unadjusted",NA,NA,NA,NA
"rs12514249",5,31738040,"Paraxanthine",585.030108673325,106.906104928992,1.93538611157238e-07,"Adjusted",NA,NA,NA,NA
"rs135290",22,46851964,"Hypoxanthine",976.145744814352,178.495493192297,1.96844982106367e-07,"Adjusted",NA,NA,NA,NA
"rs4725805",7,148650645,"Paraxanthine",644.873346939002,117.920352890741,1.96865246045001e-07,"Adjusted",NA,NA,NA,NA
"rs2824011",21,17035528,"alpha.Hydroxybutyrate",310.663305653883,56.8372788982754,1.99529157504838e-07,"Adjusted",NA,NA,NA,NA
"rs7170706",15,64707615,"alpha.Hydroxybutyrate",295.126952132469,54.210007505632,2.01348501222869e-07,"Unadjusted",NA,NA,NA,NA
"rs11701620",21,43474442,"Tyrosine",221.684085572689,40.6219576919577,2.07677455785293e-07,"Adjusted",NA,NA,NA,NA
"rs7849557",9,134071192,"alpha.Hydroxybutyrate",294.752556244283,54.2232329789155,2.09303547003498e-07,"Unadjusted",NA,NA,NA,NA
"rs3808368",8,32622618,"alpha.Hydroxybutyrate",326.079666420854,60.0307378235992,2.13309241819395e-07,"Unadjusted",NA,NA,NA,NA
"rs739150",22,41058112,"Propionylcarnitine..C3.",724.754714884896,132.947831602288,2.1338815672925e-07,"Adjusted",NA,NA,NA,NA
"rs307238",11,13451340,"Glycine",780.858234210142,143.90989610365,2.19263293184116e-07,"Unadjusted",NA,NA,NA,NA
"rs2451374",6,34067974,"alpha.Hydroxybutyrate",310.766392225606,57.2897188952332,2.41864832483994e-07,"Adjusted",NA,NA,NA,NA
"rs10507319",13,22462568,"alpha.Hydroxybutyrate",346.986273968981,64.2115177889349,2.43364236404045e-07,"Unadjusted",NA,NA,NA,NA
"rs406069",21,27465586,"Phenylalanine",1921.35570950541,354.32433099746,2.43984289364192e-07,"Adjusted",NA,NA,NA,NA
"rs17108004",14,78180904,"Isovalerylcarnitine..C5.",599.892629703404,111.112236244511,2.48925938286232e-07,"Unadjusted",NA,NA,NA,NA
"rs10880385",12,41580708,"Glutamine",139.148733701963,25.6990431147341,2.53255319797729e-07,"Adjusted",NA,NA,NA,NA
"rs11041272",11,7218131,"Glutamate",920.916823976374,170.340721491917,2.63096252235656e-07,"Adjusted",NA,NA,NA,NA
"rs17034099",3,11195006,"alpha.Hydroxybutyrate",323.74043586316,60.112894845984,2.65087533781882e-07,"Unadjusted",NA,NA,NA,NA
"rs3898982",8,17905246,"Gulono.1.4.lactone",861.908026856622,159.478901149877,2.65292711192438e-07,"Adjusted",NA,NA,NA,NA
"rs2077733",10,95371358,"X1.linoleoyl.GPC..18.2.",82.1576941435982,15.2599900406959,2.6717570426655e-07,"Unadjusted",NA,NA,NA,NA
"rs9311665",3,58015066,"alpha.Hydroxybutyrate",319.496025605333,59.3951240802518,2.73111846519381e-07,"Unadjusted",NA,NA,NA,NA
"rs4635207",13,31290752,"Linoleate..18.2.",1222.6708822712,227.407093805543,2.76436689160075e-07,"Unadjusted",NA,NA,NA,NA
"rs12325384",16,55011612,"alpha.Hydroxybutyrate",319.169146232893,59.4065349178083,2.81579986362444e-07,"Unadjusted",NA,NA,NA,NA
"rs7354853",1,168393347,"Erythritol",855.602351558671,159.39292251079,2.87888117728042e-07,"Unadjusted",NA,NA,NA,NA
"rs13148238",4,144067928,"Glutamine",172.168835692673,32.1127106413236,2.96738663257403e-07,"Unadjusted",NA,NA,NA,NA
"rs669733",1,78639573,"Propionylcarnitine..C3.",1459.80188989832,272.392909654415,2.99819696918081e-07,"Unadjusted",NA,NA,NA,NA
"rs16953594",15,44383081,"alpha.Hydroxybutyrate",302.910289606332,56.5551872736156,3.04276217298651e-07,"Unadjusted",NA,NA,NA,NA
"rs16930873",9,13763241,"alpha.Hydroxybutyrate",367.695596812351,68.4362378204823,3.07169057343931e-07,"Adjusted",NA,NA,NA,NA
"rs7265548",20,13211291,"alpha.Hydroxybutyrate",344.073443793668,64.3132183389606,3.12972907100995e-07,"Unadjusted",NA,NA,NA,NA
"rs647575",13,51371717,"alpha.Hydroxybutyrate",335.986500502688,62.8201122937822,3.15275730966691e-07,"Unadjusted",NA,NA,NA,NA
"rs877316",5,19400480,"Oleate..18.1.",697.368777103299,130.528931746351,3.23834038106459e-07,"Unadjusted",NA,NA,NA,NA
"rs11173546",12,38461138,"Paraxanthine",533.503732816994,99.8791637584596,3.2556538785983e-07,"Unadjusted",NA,NA,NA,NA
"rs4745218",9,74961755,"Paraxanthine",613.567231961485,114.711275983588,3.4312715990666e-07,"Adjusted",NA,NA,NA,NA
"rs261565",8,97088752,"alpha.Hydroxybutyrate",356.168601142452,66.5919342348216,3.43556138604963e-07,"Adjusted",NA,NA,NA,NA
"rs17348756",2,73266690,"Linoleate..18.2.",1290.42106772456,241.511243699071,3.52221530990948e-07,"Adjusted",NA,NA,NA,NA
"rs12053941",3,191164935,"Uridine",2106.08415972779,395.686584905541,3.55435356259063e-07,"Unadjusted",NA,NA,NA,NA
"rs6659942",1,93076039,"Hippurate",383.866148056828,72.1271151226318,3.56308935730031e-07,"Unadjusted",NA,NA,NA,NA
"rs9986893",7,12930530,"Propionylcarnitine..C3.",806.509661523496,151.653461101864,3.62933983262902e-07,"Unadjusted",NA,NA,NA,NA
"rs135290",22,46851964,"Hypoxanthine",900.9059840895,169.477154718705,3.6685024437049e-07,"Unadjusted",NA,NA,NA,NA
"rs17074712",13,30025975,"alpha.Hydroxybutyrate",334.014128964909,62.8883742325675,3.74715509912247e-07,"Unadjusted",NA,NA,NA,NA
"rs7990571",13,112784127,"Uridine",1602.51741436617,300.878531867105,3.8080304777398e-07,"Adjusted",NA,NA,NA,NA
"rs848519",2,36605505,"Glycochenodeoxycholate",1277.89591303092,239.995918070836,3.83381909777028e-07,"Adjusted",NA,NA,NA,NA
"rs733075",8,27581324,"Glycine",530.163825089543,99.6660088932787,3.92732090985145e-07,"Adjusted",NA,NA,NA,NA
"rs17108004",14,78180904,"Isovalerylcarnitine..C5.",606.520491297701,114.048724426764,3.95121043912426e-07,"Adjusted",NA,NA,NA,NA
"rs10509798",10,107493731,"alpha.Hydroxybutyrate",293.07128362039,55.3268166622485,4.00064729080513e-07,"Unadjusted",NA,NA,NA,NA
"rs967877",2,192933592,"alpha.Hydroxybutyrate",308.893585375579,58.3771792867752,4.1085499970369e-07,"Unadjusted",NA,NA,NA,NA
"rs881186",18,31004956,"Uridine",1832.94579313324,345.277098294179,4.12628336215521e-07,"Adjusted",NA,NA,NA,NA
"rs17084735",13,26309121,"Phenylalanine",1582.32187395316,299.163154375953,4.15020702161172e-07,"Unadjusted",NA,NA,NA,NA
"rs17096870",14,30054233,"Hexanoylcarnitine..C6.",348.092844924309,65.5942786045917,4.16170706859288e-07,"Adjusted",NA,NA,NA,NA
"rs11847415",14,94953269,"Hexanoylcarnitine..C6.",273.711922691726,51.6667379365724,4.33898307939937e-07,"Adjusted",NA,NA,NA,NA
"rs6086545",20,863863,"Glycochenodeoxycholate",1205.75783669346,227.77695494719,4.42016177397565e-07,"Adjusted",NA,NA,NA,NA
"rs10499663",7,47608445,"alpha.Hydroxybutyrate",331.882163940011,62.9616250936875,4.50961754513473e-07,"Unadjusted",NA,NA,NA,NA
"rs7624884",3,169372993,"alpha.Hydroxybutyrate",306.022918833502,58.0779247323712,4.55150419523865e-07,"Unadjusted",NA,NA,NA,NA
"rs10177433",2,190608119,"alpha.Hydroxybutyrate",252.031621652528,47.8773577562411,4.65916852120332e-07,"Unadjusted",NA,NA,NA,NA
"rs201363",12,97768957,"Hexanoylcarnitine..C6.",304.315935599847,57.6230483774892,4.67871238006544e-07,"Adjusted",NA,NA,NA,NA
"rs2077733",10,95371358,"X1.linoleoyl.GPC..18.2.",89.4606517477665,16.9403224514807,4.68341162080766e-07,"Adjusted",NA,NA,NA,NA
"rs17034099",3,11195006,"alpha.Hydroxybutyrate",361.975817689186,68.5646864417729,4.71767598992034e-07,"Adjusted",NA,NA,NA,NA
"rs7358964",13,96612627,"Uridine",2131.76907255654,403.826389514112,4.72648103906516e-07,"Adjusted",NA,NA,NA,NA
"rs6966547",7,41541216,"Hippurate",413.309246719768,78.3076078956746,4.74600399520322e-07,"Adjusted",NA,NA,NA,NA
"rs1153014",7,62910986,"alpha.Hydroxybutyrate",339.138454214953,64.483205896605,4.76293842563149e-07,"Unadjusted",NA,NA,NA,NA
"rs4499454",2,49698,"alpha.Hydroxybutyrate",305.113691638618,58.0780011678648,4.89222678912942e-07,"Unadjusted",NA,NA,NA,NA
"rs9883552",3,167403252,"alpha.Hydroxybutyrate",319.721426275936,60.8836559608299,4.94123841352758e-07,"Unadjusted",NA,NA,NA,NA
"rs17196097",3,137090597,"Hypoxanthine",641.336212316521,122.168551952729,4.98118391463807e-07,"Unadjusted",NA,NA,NA,NA
"rs2322732",11,126661942,"Isovalerylcarnitine..C5.",510.026405403038,97.1668541407522,4.99556330631914e-07,"Unadjusted",NA,NA,NA,NA
"rs704525",6,65993936,"alpha.Hydroxybutyrate",295.752067223648,56.3494149870977,5.00561556747764e-07,"Unadjusted",NA,NA,NA,NA
"rs3898982",8,17905246,"Gulono.1.4.lactone",797.027159742946,151.920424837251,5.05636114886624e-07,"Unadjusted",NA,NA,NA,NA
"rs7195194",16,27176280,"alpha.Hydroxybutyrate",266.753994701959,50.8722281671306,5.12046878492347e-07,"Unadjusted",NA,NA,NA,NA
"rs9827966",3,8871114,"alpha.Hydroxybutyrate",290.645860497367,55.4367111206717,5.138550806668e-07,"Unadjusted",NA,NA,NA,NA
"rs17056800",6,97179958,"alpha.Hydroxybutyrate",316.38664140178,60.366608474241,5.18016527135753e-07,"Unadjusted",NA,NA,NA,NA
"rs17103589",10,86269854,"X1.linoleoyl.GPC..18.2.",106.363420909823,20.250139255184,5.33197359551796e-07,"Adjusted",NA,NA,NA,NA
"rs12038771",1,5646230,"Paraxanthine",719.234281390093,136.952743742532,5.35097543772473e-07,"Adjusted",NA,NA,NA,NA
"rs12571935",10,98498311,"Hippurate",418.884429134208,79.8596347210516,5.51000285112933e-07,"Adjusted",NA,NA,NA,NA
"rs2682594",19,48632616,"alpha.Hydroxybutyrate",298.509007342583,57.105775007708,5.51888328241862e-07,"Unadjusted",NA,NA,NA,NA
"rs11260666",1,5622221,"alpha.Hydroxybutyrate",280.468687566127,53.6620220886005,5.53722523705912e-07,"Unadjusted",NA,NA,NA,NA
"rs4725805",7,148650645,"Paraxanthine",595.233480078512,113.91344181141,5.56941839293128e-07,"Unadjusted",NA,NA,NA,NA
"rs12571935",10,98498311,"Hippurate",427.48773100775,81.8134509707476,5.57355100139009e-07,"Unadjusted",NA,NA,NA,NA
"rs9947634",18,10545576,"alpha.Hydroxybutyrate",315.33713016705,60.4022567562715,5.69069456986215e-07,"Unadjusted",NA,NA,NA,NA
"rs17132870",11,73638172,"Glutamine",207.812566124283,39.6832288388386,5.72631616231731e-07,"Adjusted",NA,NA,NA,NA
"rs12776610",10,108854723,"Pyridoxate",797.856110600574,152.377121368757,5.74516226305042e-07,"Adjusted",NA,NA,NA,NA
"rs12955010",18,24964220,"Leucine",828.407398729489,158.781128337992,5.77817928156622e-07,"Unadjusted",NA,NA,NA,NA
"rs13029887",2,237423445,"Erythritol",872.737638076587,166.770140209354,5.82094361562833e-07,"Adjusted",NA,NA,NA,NA
"rs10960416",9,11978659,"Oleate..18.1.",758.763501667767,145.528857052438,5.87043848801269e-07,"Unadjusted",NA,NA,NA,NA
"rs7952054",11,96490299,"alpha.Hydroxybutyrate",238.476580606581,45.7473709989828,5.89558933438899e-07,"Unadjusted",NA,NA,NA,NA
"rs2616879",15,52002772,"Uridine",2068.02662024856,396.836792311868,5.93964661580905e-07,"Unadjusted",NA,NA,NA,NA
"rs17063760",9,79377780,"Paraxanthine",591.358956454083,113.107957909358,5.95204922475787e-07,"Adjusted",NA,NA,NA,NA
"rs9468645",6,29940846,"Glycochenodeoxycholate",1023.09685964275,195.745523086161,5.99547684673158e-07,"Adjusted",NA,NA,NA,NA
"rs7297442",12,95996436,"Paraxanthine",593.560075493615,113.97012753081,6.02859860261694e-07,"Unadjusted",NA,NA,NA,NA
"rs2826175",21,20620980,"Linoleate..18.2.",996.802305163291,190.905097847998,6.13893820291811e-07,"Adjusted",NA,NA,NA,NA
"rs12204701",6,4589600,"Glutamate",883.463049292827,169.2248222826,6.16146116672523e-07,"Adjusted",NA,NA,NA,NA
"rs7297806",12,59247296,"X1.linoleoyl.GPC..18.2.",105.702530029655,20.2639650015476,6.28461642520013e-07,"Adjusted",NA,NA,NA,NA
"rs17158863",7,111246371,"alpha.Hydroxybutyrate",335.780392411411,64.5972201452347,6.31003300873815e-07,"Unadjusted",NA,NA,NA,NA
"rs2390850",7,23901655,"Paraxanthine",548.678903450297,105.232149980522,6.35031471767098e-07,"Adjusted",NA,NA,NA,NA
"rs490144",3,171925918,"Isovalerylcarnitine..C5.",691.415089700516,132.696929745451,6.4518619223612e-07,"Adjusted",NA,NA,NA,NA
"rs9466768",6,10674064,"alpha.Hydroxybutyrate",275.994608058385,53.1483995360489,6.46059616017274e-07,"Unadjusted",NA,NA,NA,NA
"rs4140759",12,16505113,"alpha.Hydroxybutyrate",316.650140382318,60.987793740527,6.48664899094619e-07,"Unadjusted",NA,NA,NA,NA
"rs17694832",14,38929777,"Glycochenodeoxycholate",1063.62823532792,204.876930663272,6.50082759477255e-07,"Unadjusted",NA,NA,NA,NA
"rs17000668",21,41509081,"Pyridoxate",922.674926596838,177.904125779413,6.65671104446826e-07,"Unadjusted",NA,NA,NA,NA
"rs11847415",14,94953269,"Hexanoylcarnitine..C6.",262.787135564683,50.6785004570028,6.68667384512098e-07,"Unadjusted",NA,NA,NA,NA
"rs17084735",13,26309121,"Phenylalanine",1624.71527978215,313.069611510013,7.09000164829581e-07,"Adjusted",NA,NA,NA,NA
"rs17132870",11,73638172,"Glutamine",193.768877831196,37.4642038622135,7.10405818611818e-07,"Unadjusted",NA,NA,NA,NA
"rs16991180",20,10096468,"Glycine",594.896838787401,115.075965909109,7.18567989260764e-07,"Unadjusted",NA,NA,NA,NA
"rs16891511",6,160711970,"alpha.Hydroxybutyrate",333.541992079796,64.6724786617482,7.59619237777238e-07,"Unadjusted",NA,NA,NA,NA
"rs3006864",1,109057036,"Glycine",689.442193926725,133.258900408478,7.61829592604486e-07,"Adjusted",NA,NA,NA,NA
"rs11225166",11,101595677,"alpha.Hydroxybutyrate",286.390316132932,55.5535360706523,7.67224061628936e-07,"Unadjusted",NA,NA,NA,NA
"rs17000668",21,41509081,"Pyridoxate",938.763244965858,181.529673906193,7.69772582637143e-07,"Adjusted",NA,NA,NA,NA
"rs1388136",5,107061430,"Glycine",907.739482982913,175.600492425005,7.76949099164937e-07,"Adjusted",NA,NA,NA,NA
"rs17820108",12,12637140,"Glutamate",1010.08183618745,195.597087226249,7.95544148944098e-07,"Adjusted",NA,NA,NA,NA
"rs10099720",8,79571990,"alpha.Hydroxybutyrate",305.463722252691,59.3509094912935,7.97359896008669e-07,"Unadjusted",NA,NA,NA,NA
"rs328131",18,42518576,"Hippurate",233.693250220002,45.2661152896109,8.00724417039265e-07,"Adjusted",NA,NA,NA,NA
"rs740588",19,48888729,"X1.oleoyl.GPC..18.1.",208.514787703509,40.3895215076702,8.009297982345e-07,"Adjusted",NA,NA,NA,NA
"rs10895178",11,101089600,"alpha.Hydroxybutyrate",259.164086630875,50.3837489133055,8.08073334387576e-07,"Unadjusted",NA,NA,NA,NA
"rs2823907",21,16900890,"alpha.Hydroxybutyrate",307.367932389198,59.831147237658,8.32459347929636e-07,"Unadjusted",NA,NA,NA,NA
"rs12514249",5,31738040,"Paraxanthine",534.111685119523,103.977306526215,8.34146541490714e-07,"Unadjusted",NA,NA,NA,NA
"rs4840096",6,100434037,"Isovalerylcarnitine..C5.",635.303999600522,123.697589757639,8.37429162732844e-07,"Unadjusted",NA,NA,NA,NA
"rs214440",6,9502146,"Glutamine",107.561821781154,20.882793152638,8.44818418530305e-07,"Adjusted",NA,NA,NA,NA
"rs4840096",6,100434037,"Isovalerylcarnitine..C5.",679.030316801005,131.952888311612,8.62985670964991e-07,"Adjusted",NA,NA,NA,NA
"rs17103589",10,86269854,"X1.linoleoyl.GPC..18.2.",100.974953345367,19.6917077611534,8.68986373714538e-07,"Unadjusted",NA,NA,NA,NA
"rs11600901",11,117537196,"Palmitoylcarnitine..C16.",1137.50754510578,222.208740067752,9.03913866265901e-07,"Unadjusted",NA,NA,NA,NA
"rs16991180",20,10096468,"Glycine",631.784216677959,123.123596966168,9.21881029925357e-07,"Adjusted",NA,NA,NA,NA
"rs2822704",21,14789617,"alpha.Hydroxybutyrate",309.595674717671,60.623140414032,9.55246496296221e-07,"Unadjusted",NA,NA,NA,NA
"rs4036025",16,76929109,"Glycine",624.966235352282,122.019791620745,9.61807561928205e-07,"Adjusted",NA,NA,NA,NA
"rs2032155",21,19562828,"alpha.Hydroxybutyrate",305.513533484503,59.8709341796475,9.72768015078481e-07,"Unadjusted",NA,NA,NA,NA
"rs11176449",12,65527920,"Oleate..18.1.",805.342783117958,157.966667652759,9.93590092116194e-07,"Unadjusted",NA,NA,NA,NA
"rs583326",11,35513412,"Glycine",662.041004553253,129.468744279725,9.98332535147559e-07,"Adjusted",NA,NA,NA,NA
"rs16878863",6,88039784,"Hippurate",332.186878984277,65.1889365217274,1.00453793441177e-06,"Unadjusted",NA,NA,NA,NA
"rs7629864",3,190577002,"Uridine",1882.06455216629,368.348087483671,1.0165764456437e-06,"Adjusted",NA,NA,NA,NA
"rs9808399",2,178404874,"Oleate..18.1.",722.260573782396,141.379939855824,1.02032705434417e-06,"Adjusted",NA,NA,NA,NA
"rs4754276",11,107311199,"Taurocholate",146.214273553556,28.71333438352,1.02075549669188e-06,"Unadjusted",NA,NA,NA,NA
"rs2812343",9,34719805,"alpha.Hydroxybutyrate",329.862181264822,64.8194253713038,1.03592019760688e-06,"Unadjusted",NA,NA,NA,NA
"rs4745218",9,74961755,"Paraxanthine",569.119998045193,111.859656976348,1.04124455874905e-06,"Unadjusted",NA,NA,NA,NA
"rs16901935",8,128145727,"Oleate..18.1.",587.358042660749,115.528175430408,1.05873311119901e-06,"Unadjusted",NA,NA,NA,NA
"rs30401",16,78175230,"alpha.Hydroxybutyrate",321.709409758957,63.3035578141694,1.06880100800597e-06,"Unadjusted",NA,NA,NA,NA
"rs12111171",6,36192743,"Linoleate..18.2.",826.027655300181,162.558379855518,1.07164710758214e-06,"Unadjusted",NA,NA,NA,NA
"rs881186",18,31004956,"Uridine",1706.61139534183,335.984273893552,1.0812687696755e-06,"Unadjusted",NA,NA,NA,NA
"rs10494813",1,198624737,"Glycine",629.466641396428,123.986327898834,1.09368793801348e-06,"Unadjusted",NA,NA,NA,NA
"rs10494813",1,198624737,"Glycine",659.727686476168,129.626924825732,1.11179427802681e-06,"Adjusted",NA,NA,NA,NA
"rs17091674",14,94508853,"Hexanoylcarnitine..C6.",250.671683561942,49.4209317889356,1.11722159117514e-06,"Unadjusted",NA,NA,NA,NA
"rs17198823",6,21922476,"Glycochenodeoxycholate",1010.49328058477,199.496459644783,1.15275409257509e-06,"Unadjusted",NA,NA,NA,NA
"rs9806181",15,23591163,"Hippurate",325.315949408443,64.2389351650181,1.15828268849809e-06,"Unadjusted",NA,NA,NA,NA
"rs919840",12,20962189,"alpha.Hydroxybutyrate",290.40341623938,57.3765299059087,1.17292128356041e-06,"Unadjusted",NA,NA,NA,NA
"rs288650",16,61152892,"Hexanoylcarnitine..C6.",236.97864187631,46.833539447642,1.18002207001315e-06,"Unadjusted",NA,NA,NA,NA
"rs1365681",8,82281514,"Glycine",670.379161149519,132.087216415587,1.18423644724357e-06,"Adjusted",NA,NA,NA,NA
"rs11101349",10,49385114,"Hexanoylcarnitine..C6.",239.741840915762,47.2510846452649,1.19213130285327e-06,"Adjusted",NA,NA,NA,NA
"rs6494571",15,64481612,"alpha.Hydroxybutyrate",283.233296536789,56.0280252924211,1.20581885963279e-06,"Unadjusted",NA,NA,NA,NA
"rs10513388",9,123856819,"Hexanoylcarnitine..C6.",304.454823993318,60.2328774760697,1.20895912523278e-06,"Unadjusted",NA,NA,NA,NA
"rs12004211",9,134081399,"alpha.Hydroxybutyrate",255.995812660522,50.6801106455853,1.22767117452682e-06,"Unadjusted",NA,NA,NA,NA
"rs871915",12,37785319,"alpha.Hydroxybutyrate",300.549651156412,59.513595699156,1.23379332385307e-06,"Unadjusted",NA,NA,NA,NA
"rs1453505",16,16878868,"alpha.Hydroxybutyrate",319.852140631897,63.1407020544728,1.23579443477901e-06,"Adjusted",NA,NA,NA,NA
"rs1397310",8,90690540,"alpha.Hydroxybutyrate",233.222779561683,46.2205189972042,1.25743885794629e-06,"Unadjusted",NA,NA,NA,NA
"rs17031482",12,100420774,"Hippurate",342.156282078722,67.8141009937663,1.25951454507351e-06,"Unadjusted",NA,NA,NA,NA
"rs11913160",22,45484501,"alpha.Hydroxybutyrate",269.257915645656,53.3723178418494,1.26293899538091e-06,"Unadjusted",NA,NA,NA,NA
"rs7354853",1,168393347,"Erythritol",891.817285434032,176.255937237071,1.26875927889617e-06,"Adjusted",NA,NA,NA,NA
"rs13148238",4,144067928,"Glutamine",168.919839413292,33.3996538101107,1.28153157171134e-06,"Adjusted",NA,NA,NA,NA
"rs7236890",18,35771719,"Hippurate",387.86633334971,76.9381020274357,1.28361673819714e-06,"Unadjusted",NA,NA,NA,NA
"rs7359590",17,68798755,"Palmitoylcarnitine..C16.",876.050429199324,173.789950029086,1.2860354902274e-06,"Unadjusted",NA,NA,NA,NA
"rs7584378",2,49889892,"alpha.Hydroxybutyrate",343.567896277329,67.9477813319682,1.28827436542571e-06,"Adjusted",NA,NA,NA,NA
"rs2725663",8,5505734,"Hippurate",361.742487428505,71.7690768842517,1.28886890595918e-06,"Unadjusted",NA,NA,NA,NA
"rs7119414",11,132213585,"Erythritol",591.605660693576,117.157245384244,1.32707688626991e-06,"Adjusted",NA,NA,NA,NA
"rs10517287",4,33301097,"Propionylcarnitine..C3.",1212.9085074003,240.292426141822,1.33913253883425e-06,"Adjusted",NA,NA,NA,NA
"rs7297442",12,95996436,"Paraxanthine",591.257850097864,117.194331643841,1.35424961398173e-06,"Adjusted",NA,NA,NA,NA
"rs10895178",11,101089600,"alpha.Hydroxybutyrate",245.51124206119,48.6781570076366,1.36356911782783e-06,"Adjusted",NA,NA,NA,NA
"rs6094023",20,42769634,"alpha.Hydroxybutyrate",235.330290808395,46.8648752642707,1.4027276227428e-06,"Unadjusted",NA,NA,NA,NA
"rs6775518",3,185180913,"Paraxanthine",420.447780709266,83.4767444403787,1.40566458593512e-06,"Adjusted",NA,NA,NA,NA
"rs7052616",23,43228260,"Hexanoylcarnitine..C6.",250.939228519918,49.9989444680964,1.41896564153971e-06,"Unadjusted",NA,NA,NA,NA
"rs958535",5,82639636,"Isovalerylcarnitine..C5.",700.149530694458,139.074014320938,1.42031590290538e-06,"Adjusted",NA,NA,NA,NA
"rs16863008",3,174508668,"alpha.Hydroxybutyrate",295.254554116544,58.833676791906,1.42168888270972e-06,"Unadjusted",NA,NA,NA,NA
"rs6462122",7,29104156,"alpha.Hydroxybutyrate",304.957783445401,60.7755967016235,1.42611149681862e-06,"Unadjusted",NA,NA,NA,NA
"rs1976131",7,3060662,"Glycine",674.267755827281,134.378990606733,1.42680952307593e-06,"Unadjusted",NA,NA,NA,NA
"rs13116847",4,189922979,"alpha.Hydroxybutyrate",278.729065553675,55.3941370833643,1.43692244208294e-06,"Adjusted",NA,NA,NA,NA
"rs4900116",14,91898133,"Hexanoylcarnitine..C6.",291.299048381925,58.0823974951485,1.44210245283656e-06,"Unadjusted",NA,NA,NA,NA
"rs6774838",3,12122403,"Taurocholate",215.35250796311,42.8147405082124,1.44890599033754e-06,"Adjusted",NA,NA,NA,NA
"rs9837304",3,14598564,"Glutamine",140.286462060625,27.9823830658378,1.45431673106749e-06,"Unadjusted",NA,NA,NA,NA
"rs10483185",22,33604183,"alpha.Hydroxybutyrate",310.826511760365,62.0446164339787,1.4782853951184e-06,"Unadjusted",NA,NA,NA,NA
"rs4754276",11,107311199,"Taurocholate",152.311150959531,30.3137417352863,1.48381382645619e-06,"Adjusted",NA,NA,NA,NA
"rs2136834",2,120445975,"Glycine",671.319910675169,133.65034412401,1.49392990717545e-06,"Adjusted",NA,NA,NA,NA
"rs17350827",15,80037058,"alpha.Hydroxybutyrate",304.217177007036,60.7714495588463,1.50360164624849e-06,"Unadjusted",NA,NA,NA,NA
"rs17126801",1,64870751,"Hippurate",367.504292817,73.4180232297779,1.50549096997865e-06,"Unadjusted",NA,NA,NA,NA
"rs7586519",2,115319473,"alpha.Hydroxybutyrate",267.363634483365,53.4341186854662,1.51918362089569e-06,"Unadjusted",NA,NA,NA,NA
"rs7513022",1,239568815,"Hippurate",456.838676122297,91.0789926550707,1.54163456793068e-06,"Adjusted",NA,NA,NA,NA
"rs7628932",3,42525327,"Isoleucine",267.536466835273,53.3417042022553,1.54388339620405e-06,"Adjusted",NA,NA,NA,NA
"rs246219",16,15993136,"Propionylcarnitine..C3.",917.94592915172,183.729617047013,1.57040367543747e-06,"Unadjusted",NA,NA,NA,NA
"rs2018964",4,156526894,"alpha.Hydroxybutyrate",297.778261739604,59.6039898262583,1.57203718355735e-06,"Unadjusted",NA,NA,NA,NA
"rs2897275",12,85250259,"Hippurate",309.284914738377,61.9195502480758,1.57904235366563e-06,"Unadjusted",NA,NA,NA,NA
"rs1388136",5,107061430,"Glycine",829.811738605536,166.151346312994,1.58351959497128e-06,"Unadjusted",NA,NA,NA,NA
"rs2653828",4,174087663,"alpha.Hydroxybutyrate",316.908256787608,63.4606191222703,1.58729459728315e-06,"Unadjusted",NA,NA,NA,NA
"rs16834635",1,163006475,"Hippurate",436.568838779409,87.1551796689563,1.58834262781886e-06,"Adjusted",NA,NA,NA,NA
"rs10132191",14,47691249,"alpha.Hydroxybutyrate",293.968980538282,58.8754642651576,1.59235248202368e-06,"Unadjusted",NA,NA,NA,NA
"rs10138605",14,100205718,"alpha.Hydroxybutyrate",282.267273763723,56.5321906097014,1.59255215830647e-06,"Unadjusted",NA,NA,NA,NA
"rs17019986",3,82771929,"alpha.Hydroxybutyrate",243.887117780259,48.8487152915449,1.59491989472244e-06,"Unadjusted",NA,NA,NA,NA
"rs35976042",2,45185408,"X1.linoleoyl.GPC..18.2.",105.334586148918,21.0986852044871,1.59656409113597e-06,"Unadjusted",NA,NA,NA,NA
"rs9504407",6,5426832,"alpha.Hydroxybutyrate",286.905088213454,57.490699804824,1.61093106671861e-06,"Unadjusted",NA,NA,NA,NA
"rs739150",22,41058112,"Propionylcarnitine..C3.",639.709286921807,128.246584716371,1.62781918226203e-06,"Unadjusted",NA,NA,NA,NA
"rs4145933",7,17212387,"alpha.Hydroxybutyrate",305.958898212025,61.3411344662247,1.62994889643223e-06,"Unadjusted",NA,NA,NA,NA
"rs1548984",14,86487768,"Hexanoylcarnitine..C6.",208.482026262061,41.8087815491547,1.63915762237682e-06,"Unadjusted",NA,NA,NA,NA
"rs16919152",10,19938668,"Hippurate",322.689695383665,64.7360103504384,1.65278045083573e-06,"Unadjusted",NA,NA,NA,NA
"rs1367",11,8999145,"Glycine",711.167231630221,142.247359851002,1.65701933403705e-06,"Adjusted",NA,NA,NA,NA
"rs261565",8,97088752,"alpha.Hydroxybutyrate",287.998924455814,57.7958702897405,1.66507614322638e-06,"Unadjusted",NA,NA,NA,NA
"rs10969339",9,29723159,"Taurocholate",204.553658060787,41.0631472346744,1.67693699029188e-06,"Unadjusted",NA,NA,NA,NA
"rs10513388",9,123856819,"Hexanoylcarnitine..C6.",304.798452242435,61.0048356792805,1.68065995843959e-06,"Adjusted",NA,NA,NA,NA
"rs17322855",8,3368396,"Propionylcarnitine..C3.",1370.17238241643,275.399654971935,1.7240281827956e-06,"Unadjusted",NA,NA,NA,NA
"rs1256505",14,64799959,"Propionylcarnitine..C3.",1369.90974428424,274.539792979456,1.72921235507088e-06,"Adjusted",NA,NA,NA,NA
"rs17198823",6,21922476,"Glycochenodeoxycholate",1001.6127842652,200.86502439032,1.75487706694752e-06,"Adjusted",NA,NA,NA,NA
"rs1353302",8,108878544,"Linoleate..18.2.",784.446714898938,157.985704079647,1.80165453482807e-06,"Unadjusted",NA,NA,NA,NA
"rs17084123",5,94192660,"Paraxanthine",585.745000899745,117.653827252076,1.81739740527388e-06,"Adjusted",NA,NA,NA,NA
"rs6454677",6,88935925,"alpha.Hydroxybutyrate",335.503877703495,67.6054799614846,1.8228052485801e-06,"Unadjusted",NA,NA,NA,NA
"rs16875765",5,5628229,"alpha.Hydroxybutyrate",288.821622725247,58.040462981812,1.83616223197119e-06,"Adjusted",NA,NA,NA,NA
"rs325032",4,187938686,"Xanthine",953.984198252732,191.761641092914,1.8472440163974e-06,"Adjusted",NA,NA,NA,NA
"rs12955010",18,24964220,"Leucine",844.182974695409,169.72752421504,1.85611813229952e-06,"Adjusted",NA,NA,NA,NA
"rs10517287",4,33301097,"Propionylcarnitine..C3.",1081.65512023555,218.196927518554,1.867255739233e-06,"Unadjusted",NA,NA,NA,NA
"rs631618",13,97485325,"Glycochenodeoxycholate",1259.70948382086,254.258177930702,1.89052210921457e-06,"Unadjusted",NA,NA,NA,NA
"rs16970894",18,34582919,"alpha.Hydroxybutyrate",295.599385465963,59.6743750271109,1.89816903186889e-06,"Unadjusted",NA,NA,NA,NA
"rs16856020",2,10301740,"Hippurate",231.675872345534,46.773097647299,1.90114401214956e-06,"Unadjusted",NA,NA,NA,NA
"rs2953452",17,10011497,"Glycine",553.136474178748,111.40799616147,1.92925437022915e-06,"Adjusted",NA,NA,NA,NA
"rs4900116",14,91898133,"Hexanoylcarnitine..C6.",320.324191293665,64.5724558917352,1.96575954030857e-06,"Adjusted",NA,NA,NA,NA
"rs2287101",2,70889990,"Valine",657.310000195651,132.546109525797,1.97952525563004e-06,"Adjusted",NA,NA,NA,NA
"rs6592552",11,69901479,"N.acetylglycine",334.430559581875,67.6522108019493,1.98555929677837e-06,"Unadjusted",NA,NA,NA,NA
"rs11648527",16,83651414,"alpha.Hydroxybutyrate",275.524212435518,55.7481045792325,1.99501530996035e-06,"Unadjusted",NA,NA,NA,NA
"rs11115091",12,80837812,"alpha.Hydroxybutyrate",314.05826708114,63.5525539619309,2.00029201879573e-06,"Unadjusted",NA,NA,NA,NA
"rs17101216",14,63004076,"Hexanoylcarnitine..C6.",311.060725910479,62.759387028308,2.00314795205463e-06,"Adjusted",NA,NA,NA,NA
"rs9291708",5,60560342,"Paraxanthine",588.562246463255,118.790943797496,2.01899805381039e-06,"Adjusted",NA,NA,NA,NA
"rs1942109",11,99850196,"Glutamate",1213.30831170901,244.962681227694,2.03297001188645e-06,"Adjusted",NA,NA,NA,NA
"rs12573171",10,7088489,"Hippurate",331.438775587896,67.1233338235832,2.03557715343994e-06,"Unadjusted",NA,NA,NA,NA
"rs17025274",12,95087342,"alpha.Hydroxybutyrate",294.763619881504,59.7012140913526,2.03958189688165e-06,"Unadjusted",NA,NA,NA,NA
"rs16860177",1,166429684,"alpha.Hydroxybutyrate",296.796708792986,60.1549763549941,2.07090116974556e-06,"Unadjusted",NA,NA,NA,NA
"rs6495739",15,33108035,"X1.oleoyl.GPC..18.1.",161.160439394769,32.6646241240802,2.07160267563933e-06,"Unadjusted",NA,NA,NA,NA
"rs4738393",8,56762331,"Glutamate",593.717606582506,119.995797944367,2.07997835770632e-06,"Adjusted",NA,NA,NA,NA
"rs2825326",21,19344445,"alpha.Hydroxybutyrate",277.227157183175,56.2227541394081,2.09851850237903e-06,"Unadjusted",NA,NA,NA,NA
"rs4700416",5,60638441,"alpha.Hydroxybutyrate",279.160793352166,56.6322670783782,2.11258646441136e-06,"Unadjusted",NA,NA,NA,NA
"rs16934193",8,69203675,"Glycochenodeoxycholate",1293.76990196638,262.62302276759,2.14097026479286e-06,"Unadjusted",NA,NA,NA,NA
"rs12101556",15,96774822,"alpha.Hydroxybutyrate",285.072773372082,57.8899952239312,2.15949706115921e-06,"Unadjusted",NA,NA,NA,NA
"rs4940481",18,55807441,"X1.linoleoyl.GPC..18.2.",86.721577738709,17.611849531538,2.16274570803312e-06,"Unadjusted",NA,NA,NA,NA
"rs17322855",8,3368396,"Taurocholate",228.305280474965,46.2309593597308,2.16795410849405e-06,"Adjusted",NA,NA,NA,NA
"rs12951810",17,8840537,"Hexanoylcarnitine..C6.",271.379462080155,54.9549601896944,2.16935443730517e-06,"Adjusted",NA,NA,NA,NA
"rs1367",11,8999145,"Glycine",667.930856011703,135.714175521059,2.18624157419715e-06,"Unadjusted",NA,NA,NA,NA
"rs7831965",8,108892450,"alpha.Hydroxybutyrate",299.600161141142,60.9202093000417,2.22212459837367e-06,"Unadjusted",NA,NA,NA,NA
"rs2047365",18,28954365,"Oleate..18.1.",762.308228715853,155.024153523067,2.22761726193175e-06,"Unadjusted",NA,NA,NA,NA
"rs631618",13,97485325,"Glycochenodeoxycholate",1293.38430062624,262.53698542988,2.28359721871775e-06,"Adjusted",NA,NA,NA,NA
"rs41402144",21,31693750,"Taurocholate",202.132697452118,41.1563277624906,2.28746669870068e-06,"Unadjusted",NA,NA,NA,NA
"rs16909955",9,97333029,"alpha.Hydroxybutyrate",295.539749925547,60.195148245069,2.3041191273779e-06,"Unadjusted",NA,NA,NA,NA
"rs17490586",7,104104341,"Isoleucine",186.556790986601,37.9989038074544,2.30577495337886e-06,"Unadjusted",NA,NA,NA,NA
"rs1016892",7,10568402,"Pyridoxate",467.058164714101,95.1421238959037,2.31058926827087e-06,"Unadjusted",NA,NA,NA,NA
"rs7900263",10,50258909,"Glycine",735.511225481045,149.403761694701,2.31887215277245e-06,"Adjusted",NA,NA,NA,NA
"rs6555013",5,1886627,"alpha.Hydroxybutyrate",293.232657394789,59.7501499588398,2.32499364944909e-06,"Unadjusted",NA,NA,NA,NA
"rs2727184",15,98393341,"alpha.Hydroxybutyrate",299.047028466865,60.9378544465063,2.32742630077668e-06,"Unadjusted",NA,NA,NA,NA
"rs16873193",5,35284302,"Phenylalanine",1501.27811786007,305.072828646161,2.33848985458476e-06,"Adjusted",NA,NA,NA,NA
"rs583326",11,35513412,"Glycine",604.531560692302,123.233471614594,2.34627192883232e-06,"Unadjusted",NA,NA,NA,NA
"rs16883548",5,9852238,"Linoleate..18.2.",859.631910987657,175.335312934034,2.37528927510058e-06,"Unadjusted",NA,NA,NA,NA
"rs3758245",9,4669078,"alpha.Hydroxybutyrate",255.390372268308,51.9399904961335,2.37991175754856e-06,"Adjusted",NA,NA,NA,NA
"rs7977312",12,23941586,"Palmitoylcarnitine..C16.",841.382475165895,171.63458577687,2.38172982907032e-06,"Unadjusted",NA,NA,NA,NA
"rs2532750",10,29508235,"alpha.Hydroxybutyrate",295.133069242467,60.2081033696707,2.38477695506062e-06,"Unadjusted",NA,NA,NA,NA
"rs6956660",7,152589890,"alpha.Hydroxybutyrate",319.204535065486,65.1406205035932,2.40210891275733e-06,"Unadjusted",NA,NA,NA,NA
"rs7170706",15,64707615,"alpha.Hydroxybutyrate",274.63675704886,55.9154601118727,2.43650812622527e-06,"Adjusted",NA,NA,NA,NA
"rs877316",5,19400480,"Oleate..18.1.",650.776874442689,132.572229749068,2.46639561475631e-06,"Adjusted",NA,NA,NA,NA
"rs11083366",18,25587760,"Glycochenodeoxycholate",1401.79420889879,286.491867340279,2.4802298834877e-06,"Unadjusted",NA,NA,NA,NA
"rs733075",8,27581324,"Glycine",461.327670950498,94.2878883128079,2.48248780620868e-06,"Unadjusted",NA,NA,NA,NA
"rs7633584",3,120139205,"X1.oleoyl.GPC..18.1.",237.312057359305,48.5315306516126,2.51437701197748e-06,"Unadjusted",NA,NA,NA,NA
"rs12646976",4,186627136,"alpha.Hydroxybutyrate",192.439134931595,39.3573888042636,2.51795027962192e-06,"Unadjusted",NA,NA,NA,NA
"rs9959280",18,26628993,"alpha.Hydroxybutyrate",318.587938390335,65.1845881306165,2.54081177890541e-06,"Unadjusted",NA,NA,NA,NA
"rs2693443",8,59829240,"Glycochenodeoxycholate",1377.65393597843,281.100978926066,2.55309402255011e-06,"Adjusted",NA,NA,NA,NA
"rs17820108",12,12637140,"Glutamate",953.028697351707,195.061296619527,2.55966375221137e-06,"Unadjusted",NA,NA,NA,NA
"rs275876",18,20103018,"X1.oleoyl.GPC..18.1.",162.915545444539,33.2483059842895,2.56375565379292e-06,"Adjusted",NA,NA,NA,NA
"rs16873193",5,35284302,"Phenylalanine",1430.83965931232,292.896311619043,2.56698591364786e-06,"Unadjusted",NA,NA,NA,NA
"rs406069",21,27465586,"Phenylalanine",1590.48400973176,325.640746531397,2.57797909751434e-06,"Unadjusted",NA,NA,NA,NA
"rs17490586",7,104104341,"Isoleucine",193.488757455161,39.5145932523538,2.60114947059283e-06,"Adjusted",NA,NA,NA,NA
"rs4807287",19,2474660,"alpha.Hydroxybutyrate",200.175562608793,40.8888686401213,2.61295532106056e-06,"Adjusted",NA,NA,NA,NA
"rs17589427",13,66604419,"alpha.Hydroxybutyrate",291.758941590594,59.7969777317294,2.63530381651207e-06,"Unadjusted",NA,NA,NA,NA
"rs7402701",15,89944570,"Hypoxanthine",553.053507755472,113.377609326896,2.64899199386278e-06,"Unadjusted",NA,NA,NA,NA
"rs17078383",6,117230654,"Propionylcarnitine..C3.",1098.44393194665,225.218358604679,2.65758994331625e-06,"Unadjusted",NA,NA,NA,NA
"rs10513793",3,184706797,"Tyrosine",139.503786362473,28.6186179598764,2.6887645636999e-06,"Unadjusted",NA,NA,NA,NA
"rs16901935",8,128145727,"Oleate..18.1.",578.912284727888,118.464866158124,2.71513248489074e-06,"Adjusted",NA,NA,NA,NA
"rs7597841",2,227948442,"Caffeine",178.981583485489,36.6347443181368,2.72951812921274e-06,"Adjusted",NA,NA,NA,NA
"rs41504448",5,59606386,"X1.linoleoyl.GPC..18.2.",75.1757685002731,15.4409634361236,2.76029777179943e-06,"Unadjusted",NA,NA,NA,NA
"rs11525821",7,9681283,"Glycochenodeoxycholate",950.136175741064,195.248689768108,2.78833316191588e-06,"Unadjusted",NA,NA,NA,NA
"rs8140669",22,34109844,"alpha.Hydroxybutyrate",256.425890751836,52.7582700178587,2.86125717333566e-06,"Unadjusted",NA,NA,NA,NA
"rs3845368",1,174399939,"Gulono.1.4.lactone",780.38069467902,160.135015743537,2.87936861152651e-06,"Adjusted",NA,NA,NA,NA
"rs9445305",6,95262434,"Paraxanthine",508.665669454857,104.379907489688,2.88002652298995e-06,"Adjusted",NA,NA,NA,NA
"rs7597841",2,227948442,"Caffeine",168.078735113826,34.5926860152198,2.88134642838129e-06,"Unadjusted",NA,NA,NA,NA
"rs4143068",5,164980640,"alpha.Hydroxybutyrate",231.779731424915,47.7321067329601,2.91876604225532e-06,"Unadjusted",NA,NA,NA,NA
"rs9483720",6,134896383,"X1.palmitoyl.GPC..16.0.",115.095306244869,23.6410794284927,2.94024842136295e-06,"Adjusted",NA,NA,NA,NA
"rs484717",11,34790216,"Isoleucine",213.575871187931,44.0160998569845,2.96539969033677e-06,"Unadjusted",NA,NA,NA,NA
"rs7090588",10,85707536,"alpha.Hydroxybutyrate",292.482333370475,60.2920399636181,2.98006165442439e-06,"Unadjusted",NA,NA,NA,NA
"rs2120992",12,52561392,"Uridine",2075.13050105627,427.891410934264,2.99871810636513e-06,"Unadjusted",NA,NA,NA,NA
"rs11203910",8,17656736,"alpha.Hydroxybutyrate",284.845845444948,58.7426457947447,3.00684651866513e-06,"Unadjusted",NA,NA,NA,NA
"rs291799",5,96767581,"alpha.Hydroxybutyrate",437.731104932456,90.0266488220501,3.02045097792878e-06,"Adjusted",NA,NA,NA,NA
"rs17063760",9,79377780,"Paraxanthine",508.118166699244,104.819832526875,3.02673642684947e-06,"Unadjusted",NA,NA,NA,NA
"rs10513793",3,184706797,"Tyrosine",147.253998269785,30.2914648117633,3.03359640728751e-06,"Adjusted",NA,NA,NA,NA
"rs12111171",6,36192743,"Linoleate..18.2.",812.131230479698,167.085948483795,3.04251740534199e-06,"Adjusted",NA,NA,NA,NA
"rs519413",11,125074856,"alpha.Hydroxybutyrate",297.540270835172,61.2340402157395,3.06226773265413e-06,"Adjusted",NA,NA,NA,NA
"rs1256505",14,64799959,"Propionylcarnitine..C3.",1096.29485870991,226.301845529548,3.06863375572857e-06,"Unadjusted",NA,NA,NA,NA
"rs17763929",9,103024721,"Glutamate",849.17931515948,174.792991209226,3.0737842778417e-06,"Adjusted",NA,NA,NA,NA
"rs819348",5,89104246,"Oleate..18.1.",649.885619377307,134.205313978319,3.09446183295119e-06,"Unadjusted",NA,NA,NA,NA
"rs6594612",5,111923278,"Hexanoylcarnitine..C6.",230.90541109974,47.7045016766987,3.12358934636253e-06,"Unadjusted",NA,NA,NA,NA
"rs4981696",14,28781556,"alpha.Hydroxybutyrate",275.992395318705,57.0219942395001,3.12663555854214e-06,"Unadjusted",NA,NA,NA,NA
"rs11926996",3,2401089,"Phenylalanine",1922.52298968863,396.116369344094,3.13794595433527e-06,"Adjusted",NA,NA,NA,NA
"rs6035924",20,21610517,"alpha.Hydroxybutyrate",355.444445266004,73.2470222190945,3.14813246128846e-06,"Adjusted",NA,NA,NA,NA
"rs2059867",5,31801547,"Isoleucine",193.325243147544,39.9636103181497,3.16193866634294e-06,"Unadjusted",NA,NA,NA,NA
"rs938070",4,23854677,"alpha.Hydroxybutyrate",284.258475375167,58.7611185295266,3.16201263722383e-06,"Unadjusted",NA,NA,NA,NA
"rs9680927",3,152097970,"Tyrosine",222.493777122961,45.8694263281595,3.17675787325861e-06,"Adjusted",NA,NA,NA,NA
"rs1574468",5,159723912,"Tyrosine",167.259945851387,34.5833924628001,3.17726543409373e-06,"Unadjusted",NA,NA,NA,NA
"rs11200847",10,85845432,"Paraxanthine",481.906766773684,99.662349990526,3.19157001090632e-06,"Unadjusted",NA,NA,NA,NA
"rs1348036",3,34176979,"Glycochenodeoxycholate",974.286641934053,201.519733111396,3.20130940406927e-06,"Unadjusted",NA,NA,NA,NA
"rs6774838",3,12122403,"Taurocholate",199.304588917103,41.2304197707229,3.212151257616e-06,"Unadjusted",NA,NA,NA,NA
"rs12968895",18,17904705,"Uridine",1630.54995721908,336.469036857395,3.23959812457241e-06,"Adjusted",NA,NA,NA,NA
"rs17709142",1,212041357,"Palmitoylcarnitine..C16.",1021.11136666254,211.338799688204,3.24437428019993e-06,"Unadjusted",NA,NA,NA,NA
"rs1998115",20,19655009,"N.acetylglycine",-222.331926021909,45.8886147511442,3.25403098830105e-06,"Adjusted",NA,NA,NA,NA
"rs12328314",2,115615372,"Hippurate",294.884328633159,61.0443443009161,3.25819147742152e-06,"Unadjusted",NA,NA,NA,NA
"rs2281789",9,113843154,"Theobromine",1000.35139149506,207.090702360054,3.26044866926594e-06,"Unadjusted",NA,NA,NA,NA
"rs1702405",21,30914735,"alpha.Hydroxybutyrate",280.338410068922,57.8734788715398,3.26879799365446e-06,"Adjusted",NA,NA,NA,NA
"rs2616879",15,52002772,"Uridine",2232.32802337248,461.080033077083,3.30386104164694e-06,"Adjusted",NA,NA,NA,NA
"rs6123272",20,51321745,"alpha.Hydroxybutyrate",283.707064652231,58.7784203774526,3.31457576310464e-06,"Unadjusted",NA,NA,NA,NA
"rs17156078",7,27955214,"alpha.Hydroxybutyrate",307.716545609753,63.7536807393226,3.3156441897972e-06,"Unadjusted",NA,NA,NA,NA
"rs7899419",10,16751463,"Hippurate",338.886341440008,70.2718342630194,3.37600915848787e-06,"Unadjusted",NA,NA,NA,NA
"rs12524781",6,154933088,"Tyrosine",161.873326838931,33.5776546468276,3.40022634749002e-06,"Unadjusted",NA,NA,NA,NA
"rs17066914",13,45037445,"alpha.Hydroxybutyrate",283.399356422908,58.7880586553297,3.40272419348875e-06,"Unadjusted",NA,NA,NA,NA
"rs11595146",10,21594563,"alpha.Hydroxybutyrate",265.957643545179,55.1815237308649,3.41771229302572e-06,"Unadjusted",NA,NA,NA,NA
"rs636283",11,118437655,"Glutamine",112.125610314446,23.1978780497982,3.42118349295631e-06,"Adjusted",NA,NA,NA,NA
"rs7708999",5,170641783,"Pyridoxate",561.744624817085,116.253921301894,3.44183162369033e-06,"Adjusted",NA,NA,NA,NA
"rs3847464",10,131978731,"Isovalerylcarnitine..C5.",448.668524061062,93.1368582511289,3.4533454195503e-06,"Unadjusted",NA,NA,NA,NA
"rs260091",15,97425292,"alpha.Hydroxybutyrate",307.148322141342,63.7714709985303,3.46709165553726e-06,"Unadjusted",NA,NA,NA,NA
"rs4669198",2,5329230,"Gulono.1.4.lactone",719.0266527719,148.868989343989,3.47346908549527e-06,"Adjusted",NA,NA,NA,NA
"rs12101038",14,99641219,"Hexanoylcarnitine..C6.",294.498365763855,60.9767928434591,3.47721182365582e-06,"Adjusted",NA,NA,NA,NA
"rs560632",1,199790687,"Hexanoylcarnitine..C6.",246.963951233747,51.176221695192,3.53657784493181e-06,"Adjusted",NA,NA,NA,NA
"rs7464123",8,66654097,"Hypoxanthine",686.762459922316,142.781832268781,3.56678944774619e-06,"Unadjusted",NA,NA,NA,NA
"rs4426233",13,39838726,"Glycochenodeoxycholate",1399.82325032191,290.207820298995,3.57084367899182e-06,"Adjusted",NA,NA,NA,NA
"rs10960416",9,11978659,"Oleate..18.1.",720.446190234964,149.390591347809,3.58554285813552e-06,"Adjusted",NA,NA,NA,NA
"rs578786",18,24782107,"Xanthine",791.848214262044,164.202004024571,3.5880868026192e-06,"Adjusted",NA,NA,NA,NA
"rs830504",8,73478558,"Glycochenodeoxycholate",1088.39810798076,226.368257177288,3.59459840598986e-06,"Unadjusted",NA,NA,NA,NA
"rs16936772",10,80478713,"Taurocholate",193.755807635294,40.2999230047837,3.59836037476119e-06,"Unadjusted",NA,NA,NA,NA
"rs17054589",6,156649416,"Hippurate",329.43307084498,68.5344239009566,3.61433634855539e-06,"Unadjusted",NA,NA,NA,NA
"rs12951810",17,8840537,"Hexanoylcarnitine..C6.",251.208772461861,52.2692022585277,3.62643706094788e-06,"Unadjusted",NA,NA,NA,NA
"rs4468012",9,85127575,"X1.oleoyl.GPC..18.1.",138.874299745216,28.813431179067,3.62893945725571e-06,"Adjusted",NA,NA,NA,NA
"rs9314355",8,27755087,"Glycine",519.630579431465,108.189415474427,3.67539165232668e-06,"Unadjusted",NA,NA,NA,NA
"rs740588",19,48888729,"X1.oleoyl.GPC..18.1.",175.44046669991,36.5287816935918,3.67810083799413e-06,"Unadjusted",NA,NA,NA,NA
"rs4811725",20,54689293,"alpha.Hydroxybutyrate",289.915189235705,60.3724979940466,3.68920423639141e-06,"Unadjusted",NA,NA,NA,NA
"rs10142529",14,69687081,"Erythritol",918.016702076029,191.242650157883,3.71871941900395e-06,"Unadjusted",NA,NA,NA,NA
"rs17759655",2,28240704,"Palmitoylcarnitine..C16.",1237.03351625635,257.708921887902,3.72118593726129e-06,"Unadjusted",NA,NA,NA,NA
"rs2079511",5,130588027,"Hexanoylcarnitine..C6.",218.162118328945,45.460381408017,3.74011304577958e-06,"Unadjusted",NA,NA,NA,NA
"rs6583138",1,105585495,"alpha.Hydroxybutyrate",260.929571720095,54.3745235625895,3.74342082659941e-06,"Unadjusted",NA,NA,NA,NA
"rs1846664",5,157087096,"Oleate..18.1.",656.791950827667,136.485101186445,3.74952983472146e-06,"Adjusted",NA,NA,NA,NA
"rs4742834",9,103689472,"Propionylcarnitine..C3.",733.025787489128,152.335230224621,3.75376716712153e-06,"Adjusted",NA,NA,NA,NA
"rs1653782",2,23623270,"Oleate..18.1.",563.793567491828,117.175831339224,3.76036694743564e-06,"Adjusted",NA,NA,NA,NA
"rs2245003",20,18207392,"Hippurate",319.239399007833,66.5719450938148,3.79811687880074e-06,"Unadjusted",NA,NA,NA,NA
"rs2236030",22,49246176,"Uridine",1579.25997155047,329.35931225837,3.80568574894503e-06,"Unadjusted",NA,NA,NA,NA
"rs16977597",15,55632176,"alpha.Hydroxybutyrate",283.815084933649,59.1981091812737,3.81591448088851e-06,"Unadjusted",NA,NA,NA,NA
"rs1669872",15,50471296,"Valine",971.405837062747,202.059329278241,3.82549726574884e-06,"Adjusted",NA,NA,NA,NA
"rs7499320",16,7887099,"Phenylalanine",1661.45190583891,345.69862715332,3.84956088126347e-06,"Adjusted",NA,NA,NA,NA
"rs670754",7,51897517,"Phenylalanine",1089.07426138058,226.608077695646,3.85102944535584e-06,"Adjusted",NA,NA,NA,NA
"rs7297806",12,59247296,"X1.linoleoyl.GPC..18.2.",93.0325633383036,19.4137817262108,3.85314053830669e-06,"Unadjusted",NA,NA,NA,NA
"rs9409657",9,93586135,"Valine",705.734712742631,146.873595360373,3.8665228874245e-06,"Adjusted",NA,NA,NA,NA
"rs2783614",10,29383978,"Glutamate",673.165798814335,140.51570584165,3.87674758391458e-06,"Unadjusted",NA,NA,NA,NA
"rs9680927",3,152097970,"Tyrosine",204.680283093885,42.7402703064174,3.90622683679412e-06,"Unadjusted",NA,NA,NA,NA
"rs4402787",2,105697937,"Hippurate",391.056617936159,81.6877334061744,3.93544606714796e-06,"Unadjusted",NA,NA,NA,NA
"rs16905816",11,8755429,"Glycine",813.755901717662,169.531327146244,3.95081719409895e-06,"Adjusted",NA,NA,NA,NA
"rs2032312",21,34276082,"alpha.Hydroxybutyrate",253.009306232865,52.8886497265256,3.99389316871085e-06,"Unadjusted",NA,NA,NA,NA
"rs1569467",1,166593947,"Glycine",532.683385692701,111.380855504626,4.01594353951616e-06,"Unadjusted",NA,NA,NA,NA
"rs9830446",3,2719503,"alpha.Hydroxybutyrate",267.637236818896,55.9626981283149,4.01799532089139e-06,"Unadjusted",NA,NA,NA,NA
"rs669733",1,78639573,"Propionylcarnitine..C3.",1494.95603111381,311.769413748112,4.03597843393567e-06,"Adjusted",NA,NA,NA,NA
"rs5961111",23,54676264,"alpha.Hydroxybutyrate",193.65764332668,40.5029195373052,4.03711919937255e-06,"Unadjusted",NA,NA,NA,NA
"rs7629864",3,190577002,"Uridine",1740.50010649321,364.06281017302,4.04686420348688e-06,"Unadjusted",NA,NA,NA,NA
"rs670754",7,51897517,"Phenylalanine",1007.47196113302,210.747978279496,4.0523044722785e-06,"Unadjusted",NA,NA,NA,NA
"rs2098885",8,54290198,"Erythritol",714.87950471815,149.163092162457,4.07895863115789e-06,"Adjusted",NA,NA,NA,NA
"rs12097373",1,113187470,"alpha.Hydroxybutyrate",200.491391994516,41.958602297649,4.09009390821402e-06,"Unadjusted",NA,NA,NA,NA
"rs1976131",7,3060662,"Glycine",682.180252923448,142.424776847779,4.12908413250834e-06,"Adjusted",NA,NA,NA,NA
"rs41504448",5,59606386,"X1.linoleoyl.GPC..18.2.",79.9451026519941,16.6915170705763,4.13251455511621e-06,"Adjusted",NA,NA,NA,NA
"rs17348756",2,73266690,"Linoleate..18.2.",1068.5466550167,223.784593734427,4.1511684631638e-06,"Unadjusted",NA,NA,NA,NA
"rs10939916",5,61169949,"Linoleate..18.2.",936.89910627586,196.254592863392,4.16903604639013e-06,"Unadjusted",NA,NA,NA,NA
"rs3847464",10,131978731,"Isovalerylcarnitine..C5.",471.727469550506,98.5712005415597,4.20248687819054e-06,"Adjusted",NA,NA,NA,NA
"rs9291708",5,60560342,"Paraxanthine",534.598934235661,112.066638328897,4.23316995113226e-06,"Unadjusted",NA,NA,NA,NA
"rs9948238",18,63803894,"alpha.Hydroxybutyrate",226.629986089594,47.5079540681243,4.23331065024669e-06,"Unadjusted",NA,NA,NA,NA
"rs578786",18,24782107,"Xanthine",752.178541392034,157.695693305727,4.24336142308097e-06,"Unadjusted",NA,NA,NA,NA
"rs17763929",9,103024721,"Glutamate",811.763454479789,170.228051268862,4.26410826745907e-06,"Unadjusted",NA,NA,NA,NA
"rs2822704",21,14789617,"Gulono.1.4.lactone",828.346493934953,173.22135568208,4.26862346777956e-06,"Adjusted",NA,NA,NA,NA
"rs2953452",17,10011497,"Glycine",501.733408263024,105.264406913528,4.30617166812342e-06,"Unadjusted",NA,NA,NA,NA
"rs2897275",12,85250259,"Hippurate",305.358305163018,63.8858189590316,4.31019183786168e-06,"Adjusted",NA,NA,NA,NA
"rs3863354",12,25535924,"alpha.Hydroxybutyrate",294.079898805209,61.7172551733699,4.33335792932284e-06,"Unadjusted",NA,NA,NA,NA
"rs7618768",3,80355420,"Hippurate",381.331900008811,80.0911477669669,4.40374108077446e-06,"Unadjusted",NA,NA,NA,NA
"rs6679348",1,41830316,"Valine",589.023467903436,123.714628505916,4.40521665158527e-06,"Unadjusted",NA,NA,NA,NA
"rs6027005",20,57632613,"Propionylcarnitine..C3.",1104.99354648588,231.479380630397,4.42500795119648e-06,"Adjusted",NA,NA,NA,NA
"rs16914496",9,100078523,"Uridine",1575.276861412,330.042914264424,4.43772159629269e-06,"Adjusted",NA,NA,NA,NA
"rs910118",20,10604087,"Uridine",1295.29973707534,271.393158604364,4.44087630074372e-06,"Adjusted",NA,NA,NA,NA
"rs481818",1,232492929,"Xanthine",948.189887719828,199.294599230888,4.47067131478576e-06,"Unadjusted",NA,NA,NA,NA
"rs17390595",1,63348003,"Erythritol",623.710782936925,130.730947092169,4.47580904158747e-06,"Adjusted",NA,NA,NA,NA
"rs1548984",14,86487768,"Hexanoylcarnitine..C6.",207.683506995381,43.5429328459452,4.50124529656523e-06,"Adjusted",NA,NA,NA,NA
"rs1910300",4,79194300,"X1.oleoyl.GPC..18.1.",205.917760207032,43.3037915344337,4.5199399518335e-06,"Unadjusted",NA,NA,NA,NA
"rs1338637",10,72425160,"Glycine",817.053953444178,171.379389636262,4.54208427583475e-06,"Adjusted",NA,NA,NA,NA
"rs17037046",3,1292631,"Paraxanthine",505.87378137123,106.41381465715,4.54642839424159e-06,"Unadjusted",NA,NA,NA,NA
"rs6908944",6,162072709,"alpha.Hydroxybutyrate",290.890422400559,61.1936935195101,4.55102536225324e-06,"Unadjusted",NA,NA,NA,NA
"rs7669823",4,157583159,"Erythritol",545.152192776379,114.364448547076,4.55606344048864e-06,"Adjusted",NA,NA,NA,NA
"rs7917268",10,77198003,"Uridine",1650.52242797005,346.273129250139,4.56121981744234e-06,"Adjusted",NA,NA,NA,NA
"rs16823258",2,227718789,"alpha.Hydroxybutyrate",281.719519082398,59.285936206135,4.58498291030117e-06,"Unadjusted",NA,NA,NA,NA
"rs5981187",23,68343158,"Glutamate",750.955973604911,157.632927915152,4.61183659639708e-06,"Adjusted",NA,NA,NA,NA
"rs3099152",10,60275414,"Glycine",554.256278753072,116.346397970572,4.61396947928559e-06,"Adjusted",NA,NA,NA,NA
"rs742813",6,169988320,"alpha.Hydroxybutyrate",225.786576317285,47.5340240624488,4.62227145430814e-06,"Unadjusted",NA,NA,NA,NA
"rs2806867",1,117274226,"alpha.Hydroxybutyrate",258.548963095365,54.448316505868,4.6518239666796e-06,"Unadjusted",NA,NA,NA,NA
"rs7206844",16,85243457,"Paraxanthine",482.001202505481,101.517185541349,4.66275177537853e-06,"Unadjusted",NA,NA,NA,NA
"rs1982654",15,93008720,"Pyridoxate",610.314143659954,128.580212703453,4.69123049825123e-06,"Unadjusted",NA,NA,NA,NA
"rs17158863",7,111246371,"alpha.Hydroxybutyrate",370.004120309129,77.7384466687012,4.69844474140786e-06,"Adjusted",NA,NA,NA,NA
"rs1010786",3,129588973,"Paraxanthine",372.234929938834,78.4358129081349,4.70817652803351e-06,"Unadjusted",NA,NA,NA,NA
"rs3790861",1,63860032,"Leucine",559.467111568302,117.893858106602,4.71246573911725e-06,"Unadjusted",NA,NA,NA,NA
"rs17196097",3,137090597,"Hypoxanthine",632.80207742635,132.984095382118,4.72105875009399e-06,"Adjusted",NA,NA,NA,NA
"rs3844213",12,102659213,"Leucine",488.156368728387,102.87737426068,4.72230188877072e-06,"Unadjusted",NA,NA,NA,NA
"rs790606",6,91163036,"Hexanoylcarnitine..C6.",193.71167177721,40.7121521434907,4.72912709428563e-06,"Adjusted",NA,NA,NA,NA
"rs1425124",7,37414730,"Hippurate",412.235415786562,86.6721253113654,4.76598955002032e-06,"Adjusted",NA,NA,NA,NA
"rs9409657",9,93586135,"Valine",679.173841434816,143.209200735253,4.77347086206187e-06,"Unadjusted",NA,NA,NA,NA
"rs783718",16,69560288,"alpha.Hydroxybutyrate",232.612542906375,49.0543444432992,4.78569253932854e-06,"Unadjusted",NA,NA,NA,NA
"rs7119414",11,132213585,"Erythritol",531.670013018065,112.133217287852,4.79645286249933e-06,"Unadjusted",NA,NA,NA,NA
"rs3845368",1,174399939,"Gulono.1.4.lactone",726.302142884902,153.246818533083,4.83765870695499e-06,"Unadjusted",NA,NA,NA,NA
"rs4872419",8,26077882,"Caffeine",281.473189817444,59.2238763589565,4.83912762259421e-06,"Adjusted",NA,NA,NA,NA
"rs11125098",2,46948511,"Glutamine",106.236823201957,22.4163748505197,4.84133331140815e-06,"Unadjusted",NA,NA,NA,NA
"rs10075474",5,129583658,"Hexanoylcarnitine..C6.",183.549224658784,38.7334541537292,4.85120563134628e-06,"Unadjusted",NA,NA,NA,NA
"rs4462702",18,59357480,"Pyridoxate",846.498861016912,178.633486145514,4.85184866989401e-06,"Unadjusted",NA,NA,NA,NA
"rs7422960",2,178591439,"Glycochenodeoxycholate",1074.22204508912,226.712621102369,4.86214539673334e-06,"Unadjusted",NA,NA,NA,NA
"rs493248",13,36371386,"X1.palmitoyl.GPC..16.0.",94.9809642462644,19.9949413493352,4.88997956181757e-06,"Adjusted",NA,NA,NA,NA
"rs16971597",16,19036276,"alpha.Hydroxybutyrate",266.125500594302,56.204099198897,4.93105452282219e-06,"Unadjusted",NA,NA,NA,NA
"rs10880385",12,41580708,"Glutamine",115.864270811488,24.475957635346,4.95624524113091e-06,"Unadjusted",NA,NA,NA,NA
"rs636283",11,118437655,"Glutamine",105.532493930259,22.3089163112187,5.02690641696485e-06,"Unadjusted",NA,NA,NA,NA
"rs17322855",8,3368396,"Propionylcarnitine..C3.",1383.19651960104,291.630757841994,5.04422154903283e-06,"Adjusted",NA,NA,NA,NA
"rs16838492",2,207246867,"alpha.Hydroxybutyrate",302.319807297768,63.921121489459,5.04707382622112e-06,"Unadjusted",NA,NA,NA,NA
"rs1323497",9,10280234,"Hypoxanthine",915.58851366911,193.662690513701,5.08687455385754e-06,"Unadjusted",NA,NA,NA,NA
"rs7961192",12,128178291,"N.acetylglycine",327.031598053709,68.9842542491369,5.0939780129996e-06,"Adjusted",NA,NA,NA,NA
"rs6552256",4,178845786,"alpha.Hydroxybutyrate",257.536808383489,54.4794558487747,5.09826838396747e-06,"Unadjusted",NA,NA,NA,NA
"rs2617921",18,26432008,"Glycochenodeoxycholate",1033.43675889899,218.629352954514,5.10569295977396e-06,"Unadjusted",NA,NA,NA,NA
"rs6748307",2,235048683,"Isovalerylcarnitine..C5.",349.105981508742,73.6553654176357,5.11460467029787e-06,"Adjusted",NA,NA,NA,NA
"rs12286699",11,33871577,"Hippurate",404.586499904232,85.6500478470544,5.17577740437843e-06,"Unadjusted",NA,NA,NA,NA
"rs925920",2,170838278,"Gulono.1.4.lactone",630.699881077403,133.2814582252,5.28366351865239e-06,"Adjusted",NA,NA,NA,NA
"rs16897796",5,67728460,"Leucine",1003.90940744705,212.164778633416,5.29145989825008e-06,"Adjusted",NA,NA,NA,NA
"rs7708999",5,170641783,"Pyridoxate",534.962836916412,113.411060463825,5.32660440130684e-06,"Unadjusted",NA,NA,NA,NA
"rs4305900",8,84883539,"Tyrosine",269.945559339622,57.0713688745664,5.33169969125185e-06,"Adjusted",NA,NA,NA,NA
"rs13434465",4,8441848,"alpha.Hydroxybutyrate",302.370733145083,63.932571376157,5.34167544586658e-06,"Adjusted",NA,NA,NA,NA
"rs41488847",14,71550353,"alpha.Hydroxybutyrate",332.598449516294,70.3391574180558,5.36513023651192e-06,"Adjusted",NA,NA,NA,NA
"rs16961883",17,42454424,"Linoleate..18.2.",1116.61080448389,236.861483675413,5.39171789844416e-06,"Unadjusted",NA,NA,NA,NA
"rs17634990",8,138682048,"Propionylcarnitine..C3.",765.705664710309,161.984176164001,5.39849060137995e-06,"Adjusted",NA,NA,NA,NA
"rs17620924",6,17109784,"Paraxanthine",580.267818697171,122.759742764299,5.40268126454659e-06,"Adjusted",NA,NA,NA,NA
"rs9992098",4,35691913,"alpha.Hydroxybutyrate",240.469829013767,51.017185747672,5.40762626960746e-06,"Unadjusted",NA,NA,NA,NA
"rs35976042",2,45185408,"X1.linoleoyl.GPC..18.2.",104.637675218761,22.1450832049897,5.44329644255961e-06,"Adjusted",NA,NA,NA,NA
"rs17432461",15,34962248,"Paraxanthine",543.871545508357,115.102934968504,5.4435044831074e-06,"Adjusted",NA,NA,NA,NA
"rs1569467",1,166593947,"Glycine",540.259241617419,114.353364323446,5.45780385104082e-06,"Adjusted",NA,NA,NA,NA
"rs6469678",8,118238134,"alpha.Hydroxybutyrate",253.038705562373,53.7143342056072,5.47021568680979e-06,"Unadjusted",NA,NA,NA,NA
"rs4973309",2,228333406,"Glutamine",139.124335742743,29.4527835223248,5.47715748807552e-06,"Adjusted",NA,NA,NA,NA
"rs1653782",2,23623270,"Oleate..18.1.",532.671663605825,113.083745068819,5.47972447142287e-06,"Unadjusted",NA,NA,NA,NA
"rs12626903",21,32046986,"alpha.Hydroxybutyrate",229.838407031838,48.8148409369584,5.52799523565466e-06,"Unadjusted",NA,NA,NA,NA
"rs658432",3,61745347,"alpha.Hydroxybutyrate",194.146092416545,41.236472735482,5.53405498761535e-06,"Unadjusted",NA,NA,NA,NA
"rs993765",2,144931231,"Oleate..18.1.",502.488259364421,106.558000888574,5.66683720042835e-06,"Adjusted",NA,NA,NA,NA
"rs6094023",20,42769634,"alpha.Hydroxybutyrate",214.027931203647,45.3943969361852,5.68559829263286e-06,"Adjusted",NA,NA,NA,NA
"rs10822862",10,68064911,"alpha.Hydroxybutyrate",282.446149122586,60.0866230172277,5.71390369698091e-06,"Unadjusted",NA,NA,NA,NA
"rs7792939",7,99045812,"Propionylcarnitine..C3.",1201.70712972009,254.945419165499,5.71629711752731e-06,"Adjusted",NA,NA,NA,NA
"rs17065063",6,136248995,"alpha.Hydroxybutyrate",263.494681522034,56.0902030325014,5.78661014148716e-06,"Unadjusted",NA,NA,NA,NA
"rs901029",3,10920374,"alpha.Hydroxybutyrate",293.956891648948,62.576227190383,5.78944210953613e-06,"Unadjusted",NA,NA,NA,NA
"rs41402144",21,31693750,"Taurocholate",210.165433085272,44.6365345798027,5.84424751002225e-06,"Adjusted",NA,NA,NA,NA
"rs16907591",9,23669042,"alpha.Hydroxybutyrate",278.609997576892,59.3584508477204,5.88668788489916e-06,"Unadjusted",NA,NA,NA,NA
"rs11802540",1,25870455,"Paraxanthine",549.304474987806,116.731323597292,5.91050311967171e-06,"Adjusted",NA,NA,NA,NA
"rs17102438",12,65064196,"Hexanoylcarnitine..C6.",281.495320708779,59.9931984126063,5.92625590674469e-06,"Unadjusted",NA,NA,NA,NA
"rs1479385",4,176187505,"Glycochenodeoxycholate",988.060216576266,210.014733155691,5.93557191224725e-06,"Adjusted",NA,NA,NA,NA
"rs244692",5,133480434,"Glycine",521.618720529445,111.20494516126,5.96472351210591e-06,"Unadjusted",NA,NA,NA,NA
"rs6966547",7,41541216,"Phenylalanine",1689.85186023131,359.30029895686,5.97458713565285e-06,"Adjusted",NA,NA,NA,NA
"rs12014280",23,30502846,"Tyrosine",192.422721996499,40.9314442057513,6.02742797436907e-06,"Adjusted",NA,NA,NA,NA
"rs4700243",5,57374114,"Leucine",852.417976088633,181.334689579609,6.03506230269958e-06,"Adjusted",NA,NA,NA,NA
"rs1910300",4,79194300,"X1.oleoyl.GPC..18.1.",213.14324428252,45.3471145679698,6.04886822424276e-06,"Adjusted",NA,NA,NA,NA
"rs1921386",23,31087359,"Glutamate",922.404951816495,196.24756466622,6.05013515245896e-06,"Adjusted",NA,NA,NA,NA
"rs2516422",6,31557248,"Glycochenodeoxycholate",845.576519073622,180.438662642293,6.07743155621661e-06,"Unadjusted",NA,NA,NA,NA
"rs12454775",18,71210571,"alpha.Hydroxybutyrate",263.63542420294,56.2802509278263,6.12680387355682e-06,"Unadjusted",NA,NA,NA,NA
"rs10233124",7,13408151,"alpha.Hydroxybutyrate",223.042324814603,47.6180794607778,6.13593581484914e-06,"Unadjusted",NA,NA,NA,NA
"rs12946796",17,52671064,"Valine",572.579109151253,121.909400237414,6.13930276151019e-06,"Adjusted",NA,NA,NA,NA
"rs9483720",6,134896383,"X1.palmitoyl.GPC..16.0.",107.269194198449,22.9139067081805,6.20397810867204e-06,"Unadjusted",NA,NA,NA,NA
"rs11954814",5,155068532,"Hexanoylcarnitine..C6.",296.127052607696,63.0881445635128,6.21512600669631e-06,"Adjusted",NA,NA,NA,NA
"rs7990571",13,112784127,"Uridine",1303.12455207831,278.396892211778,6.21950816359509e-06,"Unadjusted",NA,NA,NA,NA
"rs17699946",3,63727226,"Linoleate..18.2.",578.881606962231,123.692044935122,6.24059152111306e-06,"Unadjusted",NA,NA,NA,NA
"rs246958",5,132838545,"Glycochenodeoxycholate",1000.80770546322,213.291348673885,6.25878091778937e-06,"Adjusted",NA,NA,NA,NA
"rs6949521",7,138681864,"alpha.Hydroxybutyrate",271.307619000497,57.9803209101797,6.25973736337072e-06,"Unadjusted",NA,NA,NA,NA
"rs9873245",3,65687373,"Gulono.1.4.lactone",579.403476373367,123.490531660683,6.267367214407e-06,"Adjusted",NA,NA,NA,NA
"rs10953450",7,104190506,"Oleate..18.1.",427.052436424815,91.0210741534549,6.26971558897643e-06,"Adjusted",NA,NA,NA,NA
"rs10220616",14,37780249,"Hexanoylcarnitine..C6.",191.246036837617,40.8854014431324,6.30513721509919e-06,"Unadjusted",NA,NA,NA,NA
"rs7785386",7,79891845,"Pyridoxate",585.434360370167,124.817869074486,6.30935650640108e-06,"Adjusted",NA,NA,NA,NA
"rs716547",10,68424659,"Phenylalanine",1334.99814285991,284.701128741261,6.34115611602054e-06,"Adjusted",NA,NA,NA,NA
"rs9366301",6,10294561,"Hypoxanthine",559.982574203622,119.76724924741,6.35975314781579e-06,"Unadjusted",NA,NA,NA,NA
"rs2810569",1,41668084,"Linoleate..18.2.",957.25309394886,204.759702982435,6.37558632253148e-06,"Unadjusted",NA,NA,NA,NA
"rs1502644",5,3724006,"alpha.Hydroxybutyrate",277.636392369479,59.3880656266179,6.37707210058548e-06,"Unadjusted",NA,NA,NA,NA
"rs9443050",6,63554706,"alpha.Hydroxybutyrate",321.628214120083,68.6322705702366,6.41859330063353e-06,"Adjusted",NA,NA,NA,NA
"rs3829196",10,131452243,"Propionylcarnitine..C3.",1381.52371164041,294.875875151123,6.44992539288925e-06,"Adjusted",NA,NA,NA,NA
"rs17087338",4,67133923,"Linoleate..18.2.",674.274453614723,143.965236066789,6.49126783773197e-06,"Adjusted",NA,NA,NA,NA
"rs12214674",6,170663151,"Hippurate",308.347002392447,66.0237250137743,6.50635472904421e-06,"Unadjusted",NA,NA,NA,NA
"rs11686482",2,153086085,"Glycine",567.878626430625,121.271985847363,6.51619597041157e-06,"Adjusted",NA,NA,NA,NA
"rs9314355",8,27755087,"Glycine",524.347454153349,111.982723648505,6.52419273380508e-06,"Adjusted",NA,NA,NA,NA
"rs2829934",21,26127411,"alpha.Hydroxybutyrate",306.07715474826,65.5484641882217,6.52765360091806e-06,"Unadjusted",NA,NA,NA,NA
"rs6539009",12,100613223,"Hippurate",342.945514341379,73.4537131021437,6.54473044655182e-06,"Unadjusted",NA,NA,NA,NA
"rs5918955",23,64720598,"Uridine",1393.66471018931,297.716700340106,6.55789725297741e-06,"Adjusted",NA,NA,NA,NA
"rs1016892",7,10568402,"Pyridoxate",458.872760756494,98.0268195445874,6.56021112891106e-06,"Adjusted",NA,NA,NA,NA
"rs1357068",3,36566875,"Uridine",1836.72361258825,393.479593328041,6.57169932586264e-06,"Unadjusted",NA,NA,NA,NA
"rs17705117",11,108395930,"Isovalerylcarnitine..C5.",638.765847205809,136.503520803408,6.60505910341987e-06,"Adjusted",NA,NA,NA,NA
"rs6660968",1,93947107,"Phenylalanine",1209.19799468582,259.15925979337,6.629386376356e-06,"Unadjusted",NA,NA,NA,NA
"rs1806156",11,31796992,"Glycine",604.704021043815,129.269221866287,6.65036377010927e-06,"Adjusted",NA,NA,NA,NA
"rs9463121",6,45880375,"alpha.Hydroxybutyrate",259.599400175934,55.6720388148073,6.70996343625147e-06,"Unadjusted",NA,NA,NA,NA
"rs10275294",7,126709396,"Hippurate",400.032704708072,85.7888300740836,6.71051718151781e-06,"Unadjusted",NA,NA,NA,NA
"rs11769541",7,154004091,"Isoleucine",203.810345568555,43.7196288523118,6.7458802011532e-06,"Unadjusted",NA,NA,NA,NA
"rs2281789",9,113843154,"Theobromine",1176.4541538394,251.716764912363,6.76781853546646e-06,"Adjusted",NA,NA,NA,NA
"rs17533645",4,22082575,"Gulono.1.4.lactone",601.661641504701,129.090148371125,6.77384130301808e-06,"Unadjusted",NA,NA,NA,NA
"rs2390850",7,23901655,"Paraxanthine",472.781531740379,101.447555075538,6.78632360496234e-06,"Unadjusted",NA,NA,NA,NA
"rs2822704",21,14789617,"Gulono.1.4.lactone",757.011716361195,162.473842760036,6.81731193105862e-06,"Unadjusted",NA,NA,NA,NA
"rs10939916",5,61169949,"Linoleate..18.2.",990.365114483052,211.979285053085,6.81750171497684e-06,"Adjusted",NA,NA,NA,NA
"rs5761891",22,25710713,"Hypoxanthine",956.547668710894,205.317363097684,6.82921392356279e-06,"Unadjusted",NA,NA,NA,NA
"rs6966547",7,41541216,"Phenylalanine",1558.69614002218,334.591635718816,6.83999551209622e-06,"Unadjusted",NA,NA,NA,NA
"rs2007633",4,15149384,"Gulono.1.4.lactone",941.668484317126,201.675225756418,6.89734529900603e-06,"Adjusted",NA,NA,NA,NA
"rs9324704",5,151056988,"alpha.Hydroxybutyrate",247.143253609858,53.0764749769264,6.90259896629014e-06,"Unadjusted",NA,NA,NA,NA
"rs12289513",11,7942015,"Glycine",697.096188764096,149.341182607908,6.93889297964931e-06,"Adjusted",NA,NA,NA,NA
"rs12524781",6,154933088,"Tyrosine",172.765291513427,37.0373957814954,7.03297657836382e-06,"Adjusted",NA,NA,NA,NA
"rs3915024",15,23872367,"Gulono.1.4.lactone",839.593428297225,180.078849647836,7.1001022048088e-06,"Adjusted",NA,NA,NA,NA
"rs2084436",1,30154594,"Valine",562.899105095873,120.734679183144,7.10260897538954e-06,"Adjusted",NA,NA,NA,NA
"rs10777902",12,97022354,"Threonate",-221.057598791799,47.5471299807361,7.11505402235609e-06,"Unadjusted",NA,NA,NA,NA
"rs12289513",11,7942015,"Glycine",661.956952350869,142.385509708787,7.12061895479773e-06,"Unadjusted",NA,NA,NA,NA
"rs790606",6,91163036,"Hexanoylcarnitine..C6.",189.012961322373,40.6725776420277,7.17720241334246e-06,"Unadjusted",NA,NA,NA,NA
"rs624751",18,2958636,"alpha.Hydroxybutyrate",271.077494333146,58.3489092061848,7.21945715023378e-06,"Unadjusted",NA,NA,NA,NA
"rs10969339",9,29723159,"Taurocholate",215.806075532092,46.3300677220022,7.23157997498846e-06,"Adjusted",NA,NA,NA,NA
"rs17091674",14,94508853,"Hexanoylcarnitine..C6.",263.097876349021,56.4955799925774,7.26363489580482e-06,"Adjusted",NA,NA,NA,NA
"rs10892151",11,117036941,"Xanthine",1283.05913549927,275.537350696467,7.27568184402056e-06,"Adjusted",NA,NA,NA,NA
"rs11887237",2,212013815,"alpha.Hydroxybutyrate",284.951528680806,61.3748730068274,7.31194739097121e-06,"Unadjusted",NA,NA,NA,NA
"rs12897422",14,23102867,"Hexanoylcarnitine..C6.",231.843398541155,49.9446993590487,7.33689277866591e-06,"Unadjusted",NA,NA,NA,NA
"rs11246074",11,326332,"Glycochenodeoxycholate",1189.40328660727,255.605351339511,7.37724197855524e-06,"Adjusted",NA,NA,NA,NA
"rs7811179",7,8806096,"Glycochenodeoxycholate",663.036523962239,142.511083443549,7.40070710395326e-06,"Adjusted",NA,NA,NA,NA
"rs17037046",3,1292631,"Paraxanthine",522.22567709912,112.248971519369,7.40503524366359e-06,"Adjusted",NA,NA,NA,NA
"rs920331",2,119384990,"Linoleate..18.2.",924.445477764652,199.346764538561,7.48240930633599e-06,"Unadjusted",NA,NA,NA,NA
"rs1869369",2,169137481,"alpha.Hydroxybutyrate",233.919356305843,50.4471625023248,7.49689207958758e-06,"Unadjusted",NA,NA,NA,NA
"rs848086",14,36349467,"Glutamate",654.871716097888,140.865228320755,7.51380225782839e-06,"Adjusted",NA,NA,NA,NA
"rs11601290",11,1622874,"Linoleate..18.2.",980.712816387977,211.543594487057,7.52663534736811e-06,"Unadjusted",NA,NA,NA,NA
"rs11225302",11,96555001,"Oleate..18.1.",507.980497201822,109.589834646304,7.54888384385569e-06,"Unadjusted",NA,NA,NA,NA
"rs1040449",23,96170341,"Gulono.1.4.lactone",774.713730206102,166.747742007053,7.60611107559763e-06,"Adjusted",NA,NA,NA,NA
"rs17664533",5,30686697,"Oleate..18.1.",738.782647973539,159.027039724028,7.61830077945685e-06,"Adjusted",NA,NA,NA,NA
"rs151468",6,1134178,"alpha.Hydroxybutyrate",270.314173032114,58.3478970685798,7.6289333087097e-06,"Unadjusted",NA,NA,NA,NA
"rs10091938",8,127723574,"Isovalerylcarnitine..C5.",441.22925997985,95.2472887399129,7.63995466411528e-06,"Unadjusted",NA,NA,NA,NA
"rs2876358",20,13620331,"Glycine",818.46470030457,176.21577513313,7.64940188948082e-06,"Adjusted",NA,NA,NA,NA
"rs7513022",1,239568815,"Hippurate",413.277109822526,89.2274775709247,7.66380570033774e-06,"Unadjusted",NA,NA,NA,NA
"rs4669198",2,5329230,"Gulono.1.4.lactone",668.746914129789,144.420334608764,7.7017529449491e-06,"Unadjusted",NA,NA,NA,NA
"rs11711828",3,188201492,"Propionylcarnitine..C3.",748.721379999335,161.704547631408,7.71409603970074e-06,"Unadjusted",NA,NA,NA,NA
"rs17474534",11,18075466,"Hexanoylcarnitine..C6.",214.164873877125,46.2563078611609,7.7213215427916e-06,"Unadjusted",NA,NA,NA,NA
"rs7595282",2,113745190,"alpha.Hydroxybutyrate",303.729440744483,65.6193385797305,7.76406536900515e-06,"Unadjusted",NA,NA,NA,NA
"rs7527754",1,95567184,"Paraxanthine",594.333857406061,128.141152091209,7.86315240189785e-06,"Adjusted",NA,NA,NA,NA
"rs2079511",5,130588027,"Hexanoylcarnitine..C6.",213.283247626296,46.0085120489928,7.94231877956782e-06,"Adjusted",NA,NA,NA,NA
"rs9837304",3,14598564,"Glutamine",135.364588058292,29.2027324468502,7.95550017852386e-06,"Adjusted",NA,NA,NA,NA
"rs11711828",3,188201492,"Propionylcarnitine..C3.",789.786430391695,170.422595760441,7.99091677303084e-06,"Adjusted",NA,NA,NA,NA
"rs2783239",14,57519279,"Paraxanthine",512.7806432106,110.958186701688,8.00682535807468e-06,"Unadjusted",NA,NA,NA,NA
"rs17112591",1,55890693,"Hexanoylcarnitine..C6.",224.718105165434,48.6275013887259,8.01265518317552e-06,"Unadjusted",NA,NA,NA,NA
"rs10953450",7,104190506,"Oleate..18.1.",396.100948190861,85.7150082449005,8.01521681852591e-06,"Unadjusted",NA,NA,NA,NA
"rs910311",14,85120613,"Hexanoylcarnitine..C6.",213.577546106518,46.2189848043402,8.02020632262649e-06,"Unadjusted",NA,NA,NA,NA
"rs16981123",21,28039454,"Gulono.1.4.lactone",710.238434821025,153.734942808283,8.05770275379028e-06,"Unadjusted",NA,NA,NA,NA
"rs6822325",4,157149577,"Paraxanthine",390.460460083727,84.5402224237589,8.10056705031533e-06,"Unadjusted",NA,NA,NA,NA
"rs17322855",8,3368396,"Taurocholate",204.431858755718,44.2629742737933,8.10264142546171e-06,"Unadjusted",NA,NA,NA,NA
"rs560632",1,199790687,"Hexanoylcarnitine..C6.",221.872632279994,48.0435598929319,8.11702541794355e-06,"Unadjusted",NA,NA,NA,NA
"rs6006951",22,43961771,"alpha.Hydroxybutyrate",313.921724635042,67.8048788829023,8.14339974555686e-06,"Adjusted",NA,NA,NA,NA
"rs481818",1,232492929,"Xanthine",960.928250317072,207.576945200082,8.16112112161543e-06,"Adjusted",NA,NA,NA,NA
"rs1456882",4,61905023,"alpha.Hydroxybutyrate",253.279935695193,54.8602709969749,8.16304484981011e-06,"Unadjusted",NA,NA,NA,NA
"rs244692",5,133480434,"Glycine",530.904060580473,114.731717616871,8.22682790000152e-06,"Adjusted",NA,NA,NA,NA
"rs10985311",9,123343453,"Phenylalanine",1901.44667343035,410.966878515131,8.24716319789291e-06,"Adjusted",NA,NA,NA,NA
"rs16905606",8,137392050,"Uridine",1843.91011239593,399.631791869616,8.26013505880751e-06,"Unadjusted",NA,NA,NA,NA
"rs17112591",1,55890693,"Hexanoylcarnitine..C6.",227.104893072759,49.1201218738826,8.36227401332923e-06,"Adjusted",NA,NA,NA,NA
"rs12004211",9,134081399,"alpha.Hydroxybutyrate",242.831519009887,52.5502377236769,8.45106911824912e-06,"Adjusted",NA,NA,NA,NA
"rs11937054",4,10302947,"Tyrosine",208.955952056257,45.3430007248722,8.4608935618137e-06,"Unadjusted",NA,NA,NA,NA
"rs4755271",11,44658020,"Hippurate",365.913779413281,79.4121263243324,8.48084271323338e-06,"Unadjusted",NA,NA,NA,NA
"rs10470062",20,14528082,"Glycochenodeoxycholate",850.120552584887,184.525041366498,8.50623908707134e-06,"Unadjusted",NA,NA,NA,NA
"rs4607592",8,68963667,"alpha.Hydroxybutyrate",285.581888931396,61.996195909403,8.5289730373175e-06,"Unadjusted",NA,NA,NA,NA
"rs7678272",4,153449318,"Isoleucine",184.270047806474,39.8989470038992,8.54086731191811e-06,"Adjusted",NA,NA,NA,NA
"rs1945935",11,130506095,"Hexanoylcarnitine..C6.",254.050435448852,55.1667991965994,8.57625591776471e-06,"Unadjusted",NA,NA,NA,NA
"rs11041272",11,7218131,"Glutamate",766.36755297305,166.437463543589,8.59783376392367e-06,"Unadjusted",NA,NA,NA,NA
"rs655473",15,77929052,"alpha.Hydroxybutyrate",268.854112428333,58.3916851952281,8.60566650105031e-06,"Unadjusted",NA,NA,NA,NA
"rs17166829",7,94804652,"Hippurate",330.505225263589,71.7868221551208,8.61802732086529e-06,"Unadjusted",NA,NA,NA,NA
"rs1426307",18,72117555,"Isoleucine",192.90590472875,41.8998286614051,8.61815352465325e-06,"Unadjusted",NA,NA,NA,NA
"rs17793950",20,58855929,"Phenylalanine",1499.22840076352,325.661065316864,8.63023713898158e-06,"Unadjusted",NA,NA,NA,NA
"rs9548386",13,38009365,"Hippurate",369.952400066775,80.4004161353316,8.71339424771921e-06,"Unadjusted",NA,NA,NA,NA
"rs16905528",8,137310055,"Linoleate..18.2.",958.238053719242,208.29392064055,8.74880454772018e-06,"Unadjusted",NA,NA,NA,NA
"rs4958141",5,133044327,"Hexanoylcarnitine..C6.",243.254411365628,52.8962004193292,8.81179259568302e-06,"Unadjusted",NA,NA,NA,NA
"rs5994459",22,30690202,"Glycine",586.255045271919,127.145881343543,8.81467643775738e-06,"Adjusted",NA,NA,NA,NA
"rs10483185",22,33604183,"alpha.Hydroxybutyrate",290.192985425332,62.9586448946634,8.87470896240614e-06,"Adjusted",NA,NA,NA,NA
"rs6537895",9,137458345,"Oleate..18.1.",717.689383772347,155.779866416292,8.95639327153316e-06,"Adjusted",NA,NA,NA,NA
"rs7627115",3,181596733,"Glycine",563.376241428101,122.617679587886,8.96683279523956e-06,"Unadjusted",NA,NA,NA,NA
"rs1076164",17,2720682,"Uridine",1762.1256548672,382.537897376547,8.98138455492673e-06,"Adjusted",NA,NA,NA,NA
"rs6829616",4,25075851,"Erythritol",776.713000413306,168.667939086769,9.03508289903417e-06,"Adjusted",NA,NA,NA,NA
"rs716547",10,68424659,"Phenylalanine",1228.89755357687,267.610672278378,9.06052230157145e-06,"Unadjusted",NA,NA,NA,NA
"rs16981123",21,28039454,"Gulono.1.4.lactone",731.345300534303,158.908989612062,9.13740061562869e-06,"Adjusted",NA,NA,NA,NA
"rs11125098",2,46948511,"Glutamine",107.99530409503,23.4660908643028,9.14140345705147e-06,"Adjusted",NA,NA,NA,NA
"rs7493865",14,100673143,"Valine",516.402657343983,112.229153588985,9.17440317525334e-06,"Adjusted",NA,NA,NA,NA
"rs2244008",6,129854746,"Paraxanthine",588.023757208568,127.83427742015,9.22950474420333e-06,"Adjusted",NA,NA,NA,NA
"rs2701865",13,40061373,"Isovalerylcarnitine..C5.",509.524200931901,110.778196219152,9.2446436803705e-06,"Adjusted",NA,NA,NA,NA
"rs7633584",3,120139205,"X1.oleoyl.GPC..18.1.",242.684339996952,52.7661377747612,9.25450246882412e-06,"Adjusted",NA,NA,NA,NA
"rs17633721",15,52107864,"Glycine",675.369868204052,147.267948266005,9.29695262761928e-06,"Unadjusted",NA,NA,NA,NA
"rs898577",15,66492751,"alpha.Hydroxybutyrate",205.520491325105,44.8181722133495,9.31037544194271e-06,"Unadjusted",NA,NA,NA,NA
"rs246219",16,15993136,"Propionylcarnitine..C3.",898.579750030198,195.445146826194,9.31806902676851e-06,"Adjusted",NA,NA,NA,NA
"rs6138532",20,25118787,"Hexanoylcarnitine..C6.",253.010951520383,55.1978110530004,9.38660918590006e-06,"Unadjusted",NA,NA,NA,NA
"rs17818663",9,13823407,"Glutamine",109.512471806812,23.8921714452257,9.39057307864229e-06,"Unadjusted",NA,NA,NA,NA
"rs7947255",11,20291471,"Pyridoxate",978.771863836516,212.985981396327,9.40136707225524e-06,"Adjusted",NA,NA,NA,NA
"rs11926996",3,2401089,"Phenylalanine",1536.19991168042,335.266555543786,9.45351947587093e-06,"Unadjusted",NA,NA,NA,NA
"rs1817664",11,106242434,"Propionylcarnitine..C3.",1100.34188511381,239.516250430754,9.45878464194716e-06,"Adjusted",NA,NA,NA,NA
"rs16852060",3,107323701,"Hexanoylcarnitine..C6.",233.021658334825,50.8570828119859,9.45883346898897e-06,"Unadjusted",NA,NA,NA,NA
"rs17142281",10,7018367,"Pyridoxate",510.718896483505,111.183055799123,9.47942152231906e-06,"Adjusted",NA,NA,NA,NA
"rs11964138",6,54802799,"X1.oleoyl.GPC..18.1.",138.933393286363,30.3302330702226,9.50678667329975e-06,"Unadjusted",NA,NA,NA,NA
"rs977832",15,96518545,"alpha.Hydroxybutyrate",246.879672472152,53.9001233344419,9.52169624105061e-06,"Unadjusted",NA,NA,NA,NA
"rs1908952",21,27304374,"Glycochenodeoxycholate",1152.98201253195,251.083835143347,9.53800921872687e-06,"Adjusted",NA,NA,NA,NA
"rs13139200",4,20275938,"alpha.Hydroxybutyrate",293.903238349896,64.1755029390747,9.54727619678112e-06,"Unadjusted",NA,NA,NA,NA
"rs1145300",18,48380357,"Oleate..18.1.",526.986895123211,115.071025214678,9.54780863261424e-06,"Unadjusted",NA,NA,NA,NA
"rs328131",18,42518576,"Hippurate",212.624960412215,46.4389763154174,9.59118718075165e-06,"Unadjusted",NA,NA,NA,NA
"rs6027005",20,57632613,"Propionylcarnitine..C3.",1042.77251420099,227.838558006145,9.66340546259694e-06,"Unadjusted",NA,NA,NA,NA
"rs6841359",4,186178958,"Threonate",246.586261117337,53.8797779732623,9.67166062584001e-06,"Unadjusted",NA,NA,NA,NA
"rs2701865",13,40061373,"Isovalerylcarnitine..C5.",485.637205851082,106.118376407592,9.68097261399345e-06,"Unadjusted",NA,NA,NA,NA
"rs2059867",5,31801547,"Isoleucine",190.87200863581,41.6003679667774,9.69013495022097e-06,"Adjusted",NA,NA,NA,NA
"rs10749834",1,74782705,"Hippurate",323.814491592134,70.7621388298271,9.6921395980441e-06,"Unadjusted",NA,NA,NA,NA
"rs1256505",14,64799959,"alpha.Hydroxybutyrate",262.73657536756,57.427170116203,9.73179977064317e-06,"Unadjusted",NA,NA,NA,NA
"rs11021009",11,94389618,"Linoleate..18.2.",782.289877624312,170.988561700668,9.73286308500076e-06,"Unadjusted",NA,NA,NA,NA
"rs640403",3,126395389,"Hippurate",393.265965778668,85.9917484443736,9.80684008295956e-06,"Unadjusted",NA,NA,NA,NA
"rs17082799",5,92344239,"Oleate..18.1.",732.834959117761,160.2425922021,9.80743319771208e-06,"Unadjusted",NA,NA,NA,NA
"rs6775518",3,185180913,"Paraxanthine",372.551149872524,81.4773360373431,9.84182736116635e-06,"Unadjusted",NA,NA,NA,NA
"rs1574468",5,159723912,"Tyrosine",173.340129706099,37.8168034979993,9.87574887829722e-06,"Adjusted",NA,NA,NA,NA
"rs12428588",13,98503828,"Glycochenodeoxycholate",1053.35908856103,229.929414957421,9.97722404946555e-06,"Adjusted",NA,NA,NA,NA
