"ensembl_gene_stable_id","refsnp_id","consequence_type_tv","distance_to_transcript","hgnc_symbol"
"","rs10000226","",NA,NA
"","rs6077678","",NA,NA
"","rs2367431","",NA,NA
"","rs10025432","",NA,NA
"","rs6095624","",NA,NA
"","rs10033893","",NA,NA
"","rs10035591","",NA,NA
"","rs1345483","",NA,NA
"","rs10046248","",NA,NA
"","rs10057109","",NA,NA
"","rs10064328","",NA,NA
"","rs10072468","",NA,NA
"","rs1347913","",NA,NA
"","rs1372317","",NA,NA
"","rs6422637","",NA,NA
"","rs10091443","",NA,NA
"","rs1009204","",NA,NA
"","rs10104996","",NA,NA
"","rs1010527","",NA,NA
"","rs1389042","",NA,NA
"","rs10114124","",NA,NA
"","rs2460914","",NA,NA
"","rs1399190","",NA,NA
"","rs1012049","",NA,NA
"","rs10123858","",NA,NA
"","rs10132191","",NA,NA
"","rs10132964","",NA,NA
"","rs6464507","",NA,NA
"","rs10137990","",NA,NA
"","rs10141306","",NA,NA
"","rs2503765","",NA,NA
"","rs10160926","",NA,NA
"","rs10161762","",NA,NA
"","rs1424277","",NA,NA
"","rs2544398","",NA,NA
"","rs10177433","",NA,NA
"","rs1018022","",NA,NA
"","rs10193016","",NA,NA
"","rs10972738","",NA,NA
"","rs10206339","",NA,NA
"","rs10207037","",NA,NA
"","rs10210998","",NA,NA
"","rs1477862","",NA,NA
"","rs10218770","",NA,NA
"","rs10220140","",NA,NA
"","rs1494137","",NA,NA
"","rs10224778","",NA,NA
"","rs2620752","",NA,NA
"","rs10234567","",NA,NA
"","rs10238376","",NA,NA
"","rs1024277","",NA,NA
"","rs1507968","",NA,NA
"","rs10247587","",NA,NA
"","rs6550181","",NA,NA
"","rs1513765","",NA,NA
"","rs10258077","",NA,NA
"","rs10270855","",NA,NA
"","rs2658072","",NA,NA
"","rs1542164","",NA,NA
"","rs10276726","",NA,NA
"","rs1551123","",NA,NA
"","rs2677538","",NA,NA
"","rs103522","",NA,NA
"","rs2704988","",NA,NA
"","rs2712038","",NA,NA
"","rs271259","",NA,NA
"","rs10416140","",NA,NA
"","rs1578133","",NA,NA
"","rs10426091","",NA,NA
"","rs1582496","",NA,NA
"","rs10431517","",NA,NA
"","rs10442389","",NA,NA
"","rs10449706","",NA,NA
"","rs10450473","",NA,NA
"","rs1631696","",NA,NA
"","rs1632799","",NA,NA
"","rs2743571","",NA,NA
"","rs1641525","",NA,NA
"","rs1653169","",NA,NA
"","rs10472255","",NA,NA
"","rs10479576","",NA,NA
"","rs10483235","",NA,NA
"","rs10483636","",NA,NA
"","rs16825217","",NA,NA
"","rs2820095","",NA,NA
"","rs10487231","",NA,NA
"","rs10489351","",NA,NA
"","rs2823730","",NA,NA
"","rs16833312","",NA,NA
"","rs16833377","",NA,NA
"","rs16835087","",NA,NA
"","rs2830201","",NA,NA
"","rs2835405","",NA,NA
"","rs10498873","",NA,NA
"","rs10499134","",NA,NA
"","rs10499663","",NA,NA
"","rs16844893","",NA,NA
"","rs10500787","",NA,NA
"","rs16852381","",NA,NA
"","rs16853604","",NA,NA
"","rs10503671","",NA,NA
"","rs10504739","",NA,NA
"","rs10505887","",NA,NA
"","rs10507296","",NA,NA
"","rs10507319","",NA,NA
"","rs10509838","",NA,NA
"","rs2876358","",NA,NA
"","rs10510483","",NA,NA
"","rs16863008","",NA,NA
"","rs6766242","",NA,NA
"","rs10512952","",NA,NA
"","rs10514158","",NA,NA
"","rs10514193","",NA,NA
"","rs10516587","",NA,NA
"","rs10519531","",NA,NA
"","rs10519632","",NA,NA
"","rs16883530","",NA,NA
"","rs1073027","",NA,NA
"","rs10732353","",NA,NA
"","rs10732424","",NA,NA
"","rs16890148","",NA,NA
"","rs10738555","",NA,NA
"","rs10748288","",NA,NA
"","rs3003703","",NA,NA
"","rs10767806","",NA,NA
"","rs10772014","",NA,NA
"","rs16907591","",NA,NA
"","rs10800620","",NA,NA
"","rs16909955","",NA,NA
"","rs3102945","",NA,NA
"","rs10813853","",NA,NA
"","rs16920386","",NA,NA
"","rs16922373","",NA,NA
"","rs6870768","",NA,NA
"","rs10847143","",NA,NA
"","rs10849033","",NA,NA
"","rs16931423","",NA,NA
"","rs31759","",NA,NA
"","rs10868691","",NA,NA
"","rs10873462","",NA,NA
"","rs16943898","",NA,NA
"","rs10882097","",NA,NA
"","rs16946511","",NA,NA
"","rs10891352","",NA,NA
"","rs10891623","",NA,NA
"","rs325032","",NA,NA
"","rs16960230","",NA,NA
"","rs10900751","",NA,NA
"","rs10905390","",NA,NA
"","rs10910648","",NA,NA
"","rs10911419","",NA,NA
"","rs16963927","",NA,NA
"","rs10916406","",NA,NA
"","rs10920487","",NA,NA
"","rs10921075","",NA,NA
"","rs16975559","",NA,NA
"","rs10930976","",NA,NA
"","rs10961684","",NA,NA
"","rs16977106","",NA,NA
"","rs7349577","",NA,NA
"","rs6967342","",NA,NA
"","rs16982255","",NA,NA
"","rs6976662","",NA,NA
"","rs16984418","",NA,NA
"","rs11036538","",NA,NA
"","rs9531827","",NA,NA
"","rs11076556","",NA,NA
"","rs16996176","",NA,NA
"","rs11103570","",NA,NA
"","rs1112055","",NA,NA
"","rs11122849","",NA,NA
"","rs11125373","",NA,NA
"","rs17018225","",NA,NA
"","rs17022272","",NA,NA
"","rs3845587","",NA,NA
"","rs1116242","",NA,NA
"","rs11170709","",NA,NA
"","rs11174878","",NA,NA
"","rs1119603","",NA,NA
"","rs17037068","",NA,NA
"","rs17037876","",NA,NA
"","rs11213907","",NA,NA
"","rs17043583","",NA,NA
"","rs17046863","",NA,NA
"","rs17047607","",NA,NA
"","rs3911501","",NA,NA
"","rs11225508","",NA,NA
"","rs17056800","",NA,NA
"","rs17058283","",NA,NA
"","rs11259333","",NA,NA
"","rs11260666","",NA,NA
"","rs11263451","",NA,NA
"","rs11264186","",NA,NA
"","rs17074712","",NA,NA
"","rs1144268","",NA,NA
"","rs1151401","",NA,NA
"","rs11514810","",NA,NA
"","rs1152360","",NA,NA
"","rs11582452","",NA,NA
"","rs17089379","",NA,NA
"","rs11594365","",NA,NA
"","rs11609178","",NA,NA
"","rs17102163","",NA,NA
"","rs11632840","",NA,NA
"","rs17104460","",NA,NA
"","rs11635209","",NA,NA
"","rs17114832","",NA,NA
"","rs1711655","",NA,NA
"","rs17119023","",NA,NA
"","rs41462348","",NA,NA
"","rs17128321","",NA,NA
"","rs17130028","",NA,NA
"","rs11695568","",NA,NA
"","rs7126524","",NA,NA
"","rs11784191","",NA,NA
"","rs1179644","",NA,NA
"","rs9925652","",NA,NA
"","rs11821096","",NA,NA
"","rs17146866","",NA,NA
"","rs4242074","",NA,NA
"","rs11841154","",NA,NA
"","rs11843523","",NA,NA
"","rs4275005","",NA,NA
"","rs4287387","",NA,NA
"","rs11850171","",NA,NA
"","rs17154234","",NA,NA
"","rs4317219","",NA,NA
"","rs11873862","",NA,NA
"","rs7181180","",NA,NA
"","rs11886930","",NA,NA
"","rs17166829","",NA,NA
"","rs17169735","",NA,NA
"","rs11889032","",NA,NA
"","rs11889898","",NA,NA
"","rs11891894","",NA,NA
"","rs11893278","",NA,NA
"","rs4395341","",NA,NA
"","rs11900974","",NA,NA
"","rs13398894","",NA,NA
"","rs4415869","",NA,NA
"","rs11910403","",NA,NA
"","rs7197148","",NA,NA
"","rs1792641","",NA,NA
"","rs11931817","",NA,NA
"","rs11960108","",NA,NA
"","rs1815907","",NA,NA
"","rs182016","",NA,NA
"","rs1826508","",NA,NA
"","rs4513362","",NA,NA
"","rs1838541","",NA,NA
"","rs11990555","",NA,NA
"","rs11996713","",NA,NA
"","rs1860278","",NA,NA
"","rs12038267","",NA,NA
"","rs1864459","",NA,NA
"","rs12041887","",NA,NA
"","rs1867027","",NA,NA
"","rs4615932","",NA,NA
"","rs12090761","",NA,NA
"","rs12106013","",NA,NA
"","rs4653526","",NA,NA
"","rs1878847","",NA,NA
"","rs12134748","",NA,NA
"","rs12136856","",NA,NA
"","rs1214212","",NA,NA
"","rs1887587","",NA,NA
"","rs1215520","",NA,NA
"","rs1891930","",NA,NA
"","rs7307734","",NA,NA
"","rs1218879","",NA,NA
"","rs1896048","",NA,NA
"","rs12249246","",NA,NA
"","rs12255425","",NA,NA
"","rs7326592","",NA,NA
"","rs12268115","",NA,NA
"","rs12274009","",NA,NA
"","rs12286699","",NA,NA
"","rs4740568","",NA,NA
"","rs7340968","",NA,NA
"","rs1942109","",NA,NA
"","rs2560768","",NA,NA
"","rs12302646","",NA,NA
"","rs12303986","",NA,NA
"","rs12309723","",NA,NA
"","rs195293","",NA,NA
"","rs12319250","",NA,NA
"","rs4777169","",NA,NA
"","rs12328060","",NA,NA
"","rs1966590","",NA,NA
"","rs4779767","",NA,NA
"","rs1990761","",NA,NA
"","rs1241078","",NA,NA
"","rs2003180","",NA,NA
"","rs7519837","",NA,NA
"","rs12420026","",NA,NA
"","rs12427666","",NA,NA
"","rs12435434","",NA,NA
"","rs12442336","",NA,NA
"","rs12447986","",NA,NA
"","rs12461618","",NA,NA
"","rs2048872","",NA,NA
"","rs12475273","",NA,NA
"","rs4861175","",NA,NA
"","rs12489946","",NA,NA
"","rs2058343","",NA,NA
"","rs12503758","",NA,NA
"","rs12516484","",NA,NA
"","rs12516938","",NA,NA
"","rs1253837","",NA,NA
"","rs12543900","",NA,NA
"","rs1255741","",NA,NA
"","rs1256505","",NA,NA
"","rs2114222","",NA,NA
"","rs7575099","",NA,NA
"","rs1258735","",NA,NA
"","rs2127644","",NA,NA
"","rs213037","",NA,NA
"","rs1261078","",NA,NA
"","rs12613530","",NA,NA
"","rs2151236","",NA,NA
"","rs2151455","",NA,NA
"","rs12630065","",NA,NA
"","rs12649040","",NA,NA
"","rs2162145","",NA,NA
"","rs12693898","",NA,NA
"","rs7605137","",NA,NA
"","rs7993988","",NA,NA
"","rs12758297","",NA,NA
"","rs12760321","",NA,NA
"","rs12773940","",NA,NA
"","rs12878512","",NA,NA
"","rs12879582","",NA,NA
"","rs12889368","",NA,NA
"","rs2209585","",NA,NA
"","rs12898413","",NA,NA
"","rs2216537","",NA,NA
"","rs2220621","",NA,NA
"","rs13023077","",NA,NA
"","rs2255747","",NA,NA
"","rs2257043","",NA,NA
"","rs13143233","",NA,NA
"","rs2270628","",NA,NA
"","rs1322239","",NA,NA
"","rs13236122","",NA,NA
"","rs13313624","",NA,NA
"","rs13325182","",NA,NA
"","rs5969969","",NA,NA
"","rs1333185","",NA,NA
"","rs7171117","",NA,NA
"","rs7670944","",NA,NA
"","rs13353604","",NA,NA
"","rs133582","",NA,NA
"","rs13361685","",NA,NA
"","rs2325476","",NA,NA
"","rs13374982","",NA,NA
"","rs13376839","",NA,NA
"","rs1338637","",NA,NA
"","rs1338775","",NA,NA
"","rs13389982","",NA,NA
"","rs2964663","",NA,NA
"","rs13402267","",NA,NA
"","rs13409526","",NA,NA
"","rs606580","",NA,NA
"","rs1341926","",NA,NA
"","rs13421437","",NA,NA
"","rs7722743","",NA,NA
"","rs6091084","",NA,NA
"","rs13437391","",NA,NA
"","rs7730543","",NA,NA
"","rs7731388","",NA,NA
"","rs7732587","",NA,NA
"","rs2383747","",NA,NA
"","rs1346096","",NA,NA
"","rs2387578","",NA,NA
"","rs1346183","",NA,NA
"","rs1346894","",NA,NA
"","rs2395031","",NA,NA
"","rs241535","",NA,NA
"","rs7752108","",NA,NA
"","rs2421845","",NA,NA
"","rs6876638","",NA,NA
"","rs2433416","",NA,NA
"","rs1388277","",NA,NA
"","rs2440961","",NA,NA
"","rs1393372","",NA,NA
"","rs9328202","",NA,NA
"","rs2470341","",NA,NA
"","rs1407956","",NA,NA
"","rs2485045","",NA,NA
"","rs1408404","",NA,NA
"","rs1408554","",NA,NA
"","rs16962932","",NA,NA
"","rs6467994","",NA,NA
"","rs1414747","",NA,NA
"","rs6470600","",NA,NA
"","rs1417554","",NA,NA
"","rs1421233","",NA,NA
"","rs2538894","",NA,NA
"","rs7829371","",NA,NA
"","rs1441787","",NA,NA
"","rs1447595","",NA,NA
"","rs359428","",NA,NA
"","rs16977597","",NA,NA
"","rs1451595","",NA,NA
"","rs1462266","",NA,NA
"","rs1469044","",NA,NA
"","rs260091","",NA,NA
"","rs1480306","",NA,NA
"","rs1492469","",NA,NA
"","rs2611019","",NA,NA
"","rs261565","",NA,NA
"","rs16997569","",NA,NA
"","rs2622248","",NA,NA
"","rs1502644","",NA,NA
"","rs6539905","",NA,NA
"","rs654184","",NA,NA
"","rs2635161","",NA,NA
"","rs7874223","",NA,NA
"","rs6550648","",NA,NA
"","rs1517944","",NA,NA
"","rs2657475","",NA,NA
"","rs2039320","",NA,NA
"","rs6561353","",NA,NA
"","rs154659","",NA,NA
"","rs2671637","",NA,NA
"","rs7915861","",NA,NA
"","rs1560919","",NA,NA
"","rs6578167","",NA,NA
"","rs792763","",NA,NA
"","rs6584352","",NA,NA
"","rs157636","",NA,NA
"","rs704497","",NA,NA
"","rs6589262","",NA,NA
"","rs2725663","",NA,NA
"","rs1592717","",NA,NA
"","rs1595361","",NA,NA
"","rs1600705","",NA,NA
"","rs1604153","",NA,NA
"","rs17078445","",NA,NA
"","rs2742957","",NA,NA
"","rs6650322","",NA,NA
"","rs2763550","",NA,NA
"","rs2789604","",NA,NA
"","rs2796422","",NA,NA
"","rs6665259","",NA,NA
"","rs1672735","",NA,NA
"","rs6665419","",NA,NA
"","rs4140759","",NA,NA
"","rs6671683","",NA,NA
"","rs16827680","",NA,NA
"","rs16828239","",NA,NA
"","rs6675895","",NA,NA
"","rs2823878","",NA,NA
"","rs2824011","",NA,NA
"","rs2825326","",NA,NA
"","rs6691244","",NA,NA
"","rs9920517","",NA,NA
"","rs16840289","",NA,NA
"","rs16840493","",NA,NA
"","rs6713490","",NA,NA
"","rs2838072","",NA,NA
"","rs4239938","",NA,NA
"","rs2839459","",NA,NA
"","rs17147528","",NA,NA
"","rs6728339","",NA,NA
"","rs2847443","",NA,NA
"","rs16857127","",NA,NA
"","rs16857722","",NA,NA
"","rs2868185","",NA,NA
"","rs5978528","",NA,NA
"","rs8098728","",NA,NA
"","rs2876859","",NA,NA
"","rs2889672","",NA,NA
"","rs812750","",NA,NA
"","rs2901887","",NA,NA
"","rs16869925","",NA,NA
"","rs291799","",NA,NA
"","rs2921159","",NA,NA
"","rs16875340","",NA,NA
"","rs2942062","",NA,NA
"","rs4402410","",NA,NA
"","rs6787278","",NA,NA
"","rs2344768","",NA,NA
"","rs16889502","",NA,NA
"","rs6791955","",NA,NA
"","rs16894865","",NA,NA
"","rs3000140","",NA,NA
"","rs6805680","",NA,NA
"","rs6806162","",NA,NA
"","rs3016165","",NA,NA
"","rs6809817","",NA,NA
"","rs16908422","",NA,NA
"","rs900250","",NA,NA
"","rs6845502","",NA,NA
"","rs311121","",NA,NA
"","rs7234445","",NA,NA
"","rs3113950","",NA,NA
"","rs9300927","",NA,NA
"","rs16930668","",NA,NA
"","rs6872641","",NA,NA
"","rs317403","",NA,NA
"","rs4620270","",NA,NA
"","rs16933980","",NA,NA
"","rs16942375","",NA,NA
"","rs9321616","",NA,NA
"","rs16943958","",NA,NA
"","rs4661096","",NA,NA
"","rs1885491","",NA,NA
"","rs16953594","",NA,NA
"","rs6896716","",NA,NA
"","rs330010","",NA,NA
"","rs16962582","",NA,NA
"","rs1894139","",NA,NA
"","rs4691400","",NA,NA
"","rs345645","",NA,NA
"","rs1917091","",NA,NA
"","rs16966913","",NA,NA
"","rs16968252","",NA,NA
"","rs6956660","",NA,NA
"","rs35629","",NA,NA
"","rs6962607","",NA,NA
"","rs16976945","",NA,NA
"","rs7347914","",NA,NA
"","rs7833244","",NA,NA
"","rs9486459","",NA,NA
"","rs6971834","",NA,NA
"","rs9499921","",NA,NA
"","rs3760144","",NA,NA
"","rs16990341","",NA,NA
"","rs7444766","",NA,NA
"","rs9552824","",NA,NA
"","rs956453","",NA,NA
"","rs7472720","",NA,NA
"","rs17009345","",NA,NA
"","rs17014459","",NA,NA
"","rs17015678","",NA,NA
"","rs6997614","",NA,NA
"","rs3829142","",NA,NA
"","rs6998413","",NA,NA
"","rs6999551","",NA,NA
"","rs17030274","",NA,NA
"","rs17030358","",NA,NA
"","rs6555282","",NA,NA
"","rs7021724","",NA,NA
"","rs3865181","",NA,NA
"","rs17042874","",NA,NA
"","rs205817","",NA,NA
"","rs3905810","",NA,NA
"","rs9813633","",NA,NA
"","rs7037742","",NA,NA
"","rs17054589","",NA,NA
"","rs7044745","",NA,NA
"","rs2085792","",NA,NA
"","rs704962","",NA,NA
"","rs3935951","",NA,NA
"","rs17067064","",NA,NA
"","rs39650","",NA,NA
"","rs396662","",NA,NA
"","rs17076520","",NA,NA
"","rs2729990","",NA,NA
"","rs4072545","",NA,NA
"","rs17081386","",NA,NA
"","rs17081584","",NA,NA
"","rs4122247","",NA,NA
"","rs987214","",NA,NA
"","rs17098692","",NA,NA
"","rs7095463","",NA,NA
"","rs17103216","",NA,NA
"","rs7990201","",NA,NA
"","rs17112926","",NA,NA
"","rs4143541","",NA,NA
"","rs41442244","",NA,NA
"","rs7115792","",NA,NA
"","rs7117643","",NA,NA
"","rs7124103","",NA,NA
"","rs41478747","",NA,NA
"","rs41488649","",NA,NA
"","rs2213533","",NA,NA
"","rs578889","",NA,NA
"","rs17144660","",NA,NA
"","rs5909010","",NA,NA
"","rs17146206","",NA,NA
"","rs5943477","",NA,NA
"","rs9931478","",NA,NA
"","rs5954038","",NA,NA
"","rs17148836","",NA,NA
"","rs9951326","",NA,NA
"","rs7158515","",NA,NA
"","rs17152577","",NA,NA
"","rs4299797","",NA,NA
"","rs6752685","",NA,NA
"","rs4321410","",NA,NA
"","rs9982929","",NA,NA
"","rs4330653","",NA,NA
"","rs7183768","",NA,NA
"","rs4346962","",NA,NA
"","rs7184263","",NA,NA
"","rs17171805","",NA,NA
"","rs4353140","",NA,NA
"","rs17581075","",NA,NA
"","rs2337361","",NA,NA
"","rs6048084","",NA,NA
"","rs6786854","",NA,NA
"","rs846604","",NA,NA
"","rs7711966","",NA,NA
"","rs297168","",NA,NA
"","rs7203791","",NA,NA
"","rs4465107","",NA,NA
"","rs4467088","",NA,NA
"","rs4479088","",NA,NA
"","rs4485305","",NA,NA
"","rs4499454","",NA,NA
"","rs7223549","",NA,NA
"","rs4514282","",NA,NA
"","rs1841575","",NA,NA
"","rs4525028","",NA,NA
"","rs7737618","",NA,NA
"","rs7236694","",NA,NA
"","rs7240175","",NA,NA
"","rs1865552","",NA,NA
"","rs460698","",NA,NA
"","rs7744606","",NA,NA
"","rs6429459","",NA,NA
"","rs1876031","",NA,NA
"","rs7268640","",NA,NA
"","rs2434622","",NA,NA
"","rs7279688","",NA,NA
"","rs644454","",NA,NA
"","rs7280100","",NA,NA
"","rs4667458","",NA,NA
"","rs1888699","",NA,NA
"","rs9362810","",NA,NA
"","rs2492791","",NA,NA
"","rs6462197","",NA,NA
"","rs6903926","",NA,NA
"","rs1907229","",NA,NA
"","rs2501796","",NA,NA
"","rs7805719","",NA,NA
"","rs1929780","",NA,NA
"","rs1934036","",NA,NA
"","rs4727586","",NA,NA
"","rs7339401","",NA,NA
"","rs6487080","",NA,NA
"","rs2553215","",NA,NA
"","rs6493334","",NA,NA
"","rs1951219","",NA,NA
"","rs1951921","",NA,NA
"","rs4769389","",NA,NA
"","rs7373248","",NA,NA
"","rs1955039","",NA,NA
"","rs6510101","",NA,NA
"","rs1963343","",NA,NA
"","rs7845953","",NA,NA
"","rs784718","",NA,NA
"","rs4784054","",NA,NA
"","rs478800","",NA,NA
"","rs4797984","",NA,NA
"","rs3817643","",NA,NA
"","rs2018964","",NA,NA
"","rs4810001","",NA,NA
"","rs2032155","",NA,NA
"","rs2036010","",NA,NA
"","rs4827980","",NA,NA
"","rs7006959","",NA,NA
"","rs4843485","",NA,NA
"","rs4843568","",NA,NA
"","rs7550703","",NA,NA
"","rs6573639","",NA,NA
"","rs7554295","",NA,NA
"","rs7557870","",NA,NA
"","rs7562140","",NA,NA
"","rs2070553","",NA,NA
"","rs4896151","",NA,NA
"","rs2713568","",NA,NA
"","rs2112258","",NA,NA
"","rs2113334","",NA,NA
"","rs4907351","",NA,NA
"","rs272592","",NA,NA
"","rs2122208","",NA,NA
"","rs4938639","",NA,NA
"","rs401285","",NA,NA
"","rs2140525","",NA,NA
"","rs2140814","",NA,NA
"","rs759100","",NA,NA
"","rs514341","",NA,NA
"","rs516419","",NA,NA
"","rs2160334","",NA,NA
"","rs7604227","",NA,NA
"","rs525208","",NA,NA
"","rs41395753","",NA,NA
"","rs7099743","",NA,NA
"","rs2178603","",NA,NA
"","rs218021","",NA,NA
"","rs2191093","",NA,NA
"","rs220428","",NA,NA
"","rs5766069","",NA,NA
"","rs7625696","",NA,NA
"","rs5769396","",NA,NA
"","rs8029071","",NA,NA
"","rs2390608","",NA,NA
"","rs5908525","",NA,NA
"","rs8032547","",NA,NA
"","rs5920320","",NA,NA
"","rs4234280","",NA,NA
"","rs5952167","",NA,NA
"","rs6723979","",NA,NA
"","rs5954072","",NA,NA
"","rs5954844","",NA,NA
"","rs228219","",NA,NA
"","rs5957888","",NA,NA
"","rs7655708","",NA,NA
"","rs7166706","",NA,NA
"","rs9964268","",NA,NA
"","rs7177212","",NA,NA
"","rs767186","",NA,NA
"","rs676587","",NA,NA
"","rs2325138","",NA,NA
"","rs6025140","",NA,NA
"","rs2326699","",NA,NA
"","rs2329550","",NA,NA
"","rs2331107","",NA,NA
"","rs2938602","",NA,NA
"","rs836279","",NA,NA
"","rs7193298","",NA,NA
"","rs841347","",NA,NA
"","rs6054431","",NA,NA
"","rs7708858","",NA,NA
"","rs2356294","",NA,NA
"","rs6070068","",NA,NA
"","rs6803324","",NA,NA
"","rs7727502","",NA,NA
"","rs2372413","",NA,NA
"","rs6806766","",NA,NA
"","rs885085","",NA,NA
"","rs6815218","",NA,NA
"","rs6100769","",NA,NA
"","rs2385516","",NA,NA
"","rs6850796","",NA,NA
"","rs626744","",NA,NA
"","rs9611862","",NA,NA
"","rs7740759","",NA,NA
"","rs6420267","",NA,NA
"","rs7875841","",NA,NA
"","rs6875111","",NA,NA
"","rs7546098","",NA,NA
"","rs6431530","",NA,NA
"","rs6880596","",NA,NA
"","rs6437659","",NA,NA
"","rs3182340","",NA,NA
"","rs9321819","",NA,NA
"","rs4663652","",NA,NA
"","rs2471156","",NA,NA
"","rs4670713","",NA,NA
"","rs936873","",NA,NA
"","rs331976","",NA,NA
"","rs4685087","",NA,NA
"","rs7800722","",NA,NA
"","rs4693997","",NA,NA
"","rs4696202","",NA,NA
"","rs6471623","",NA,NA
"","rs6474695","",NA,NA
"","rs6476155","",NA,NA
"","rs6959663","",NA,NA
"","rs9463121","",NA,NA
"","rs35746909","",NA,NA
"","rs6964209","",NA,NA
"","rs6967289","",NA,NA
"","rs2581409","",NA,NA
"","rs6504330","",NA,NA
"","rs2590442","",NA,NA
"","rs6977560","",NA,NA
"","rs6982827","",NA,NA
"","rs7845752","",NA,NA
"","rs4777911","",NA,NA
"","rs2823296","",NA,NA
"","rs3806801","",NA,NA
"","rs6535122","",NA,NA
"","rs653709","",NA,NA
"","rs7863156","",NA,NA
"","rs9918149","",NA,NA
"","rs7871990","",NA,NA
"","rs962568","",NA,NA
"","rs7132285","",NA,NA
"","rs6555267","",NA,NA
"","rs3853780","",NA,NA
"","rs7894606","",NA,NA
"","rs7549549","",NA,NA
"","rs2662532","",NA,NA
"","rs3888200","",NA,NA
"","rs4862774","",NA,NA
"","rs2695872","",NA,NA
"","rs7924866","",NA,NA
"","rs9817203","",NA,NA
"","rs7928560","",NA,NA
"","rs9825922","",NA,NA
"","rs9827966","",NA,NA
"","rs9829331","",NA,NA
"","rs6591267","",NA,NA
"","rs3943529","",NA,NA
"","rs7950446","",NA,NA
"","rs9842768","",NA,NA
"","rs757803","",NA,NA
"","rs4066043","",NA,NA
"","rs6636441","",NA,NA
"","rs4072698","",NA,NA
"","rs6653507","",NA,NA
"","rs6658741","",NA,NA
"","rs6659170","",NA,NA
"","rs41326844","",NA,NA
"","rs6665379","",NA,NA
"","rs7604632","",NA,NA
"","rs709616","",NA,NA
"","rs7994189","",NA,NA
"","rs282249","",NA,NA
"","rs884823","",NA,NA
"","rs9903371","",NA,NA
"","rs5759753","",NA,NA
"","rs8026133","",NA,NA
"","rs6686518","",NA,NA
"","rs921535","",NA,NA
"","rs6864035","",NA,NA
"","rs2836181","",NA,NA
"","rs6870937","",NA,NA
"","rs8036168","",NA,NA
"","rs999791","",NA,NA
"","rs9928306","",NA,NA
"","rs6876869","",NA,NA
"","rs4246633","",NA,NA
"","rs8045281","",NA,NA
"","rs6733575","",NA,NA
"","rs8059887","",NA,NA
"","rs6749234","",NA,NA
"","rs8064636","",NA,NA
"","rs7660188","",NA,NA
"","rs7298772","",NA,NA
"","rs6765048","",NA,NA
"","rs9994013","",NA,NA
"","rs7212298","",NA,NA
"","rs8137158","",NA,NA
"","rs6768053","",NA,NA
"","rs6776299","",NA,NA
"","rs6780461","",NA,NA
"","rs7186136","",NA,NA
"","rs6047797","",NA,NA
"","rs7704706","",NA,NA
"","rs7830695","",NA,NA
"","rs40996","",NA,NA
"","rs7831965","",NA,NA
"","rs862153","",NA,NA
"","rs2997685","",NA,NA
"","rs4811725","",NA,NA
"","rs877123","",NA,NA
"","rs7218473","",NA,NA
"","rs7219758","",NA,NA
"","rs539061","",NA,NA
"","rs7113554","",NA,NA
"","rs7224409","",NA,NA
"","rs4521284","",NA,NA
"","rs7231776","",NA,NA
"","rs9601033","",NA,NA
"","rs6997050","",NA,NA
"","rs6997970","",NA,NA
"","rs7529116","",NA,NA
"","rs7796681","",NA,NA
"","rs7314936","",NA,NA
"","rs7883936","",NA,NA
"","rs966770","",NA,NA
"","rs7764847","",NA,NA
"","rs6436150","",NA,NA
"","rs6572795","",NA,NA
"","rs7912860","",NA,NA
"","rs7031019","",NA,NA
"","rs323399","",NA,NA
"","rs6452955","",NA,NA
"","rs3915024","",NA,NA
"","rs7563129","",NA,NA
"","rs9486729","",NA,NA
"","rs7838976","",NA,NA
"","rs7058186","",NA,NA
"","rs6470376","",NA,NA
"","rs350655","",NA,NA
"","rs352363","",NA,NA
"","rs9444722","",NA,NA
"","rs7334624","",NA,NA
"","rs9455623","",NA,NA
"","rs4997952","",NA,NA
"","rs9845811","",NA,NA
"","rs7082281","",NA,NA
"","rs4765299","",NA,NA
"","rs7632881","",NA,NA
"","rs6695895","",NA,NA
"","rs7840975","",NA,NA
"","rs950412","",NA,NA
"","rs784541","",NA,NA
"","rs6095097","",NA,NA
"","rs7728312","",NA,NA
"","rs575764","",NA,NA
"","rs698944","",NA,NA
"","rs6989838","",NA,NA
"","rs7859203","",NA,NA
"","rs8028957","",NA,NA
"","rs9588074","",NA,NA
"","rs7787319","",NA,NA
"","rs4897969","",NA,NA
"","rs7566253","",NA,NA
"","rs4816104","",NA,NA
"","rs7144649","",NA,NA
"","rs4629068","",NA,NA
"","rs7027475","",NA,NA
"","rs4257047","",NA,NA
"","rs7652831","",NA,NA
"","rs9955524","",NA,NA
"","rs7921993","",NA,NA
"","rs7159557","",NA,NA
"","rs9959280","",NA,NA
"","rs7594475","",NA,NA
"","rs520556","",NA,NA
"","rs9883552","",NA,NA
"","rs8127316","",NA,NA
"","rs7566705","",NA,NA
"","rs7063862","",NA,NA
"","rs7577740","",NA,NA
"","rs7185578","",NA,NA
"","rs7957163","",NA,NA
"","rs7078234","",NA,NA
"","rs7702166","",NA,NA
"","rs707819","",NA,NA
"","rs9854271","",NA,NA
"","rs6893943","",NA,NA
"","rs4809879","",NA,NA
"","rs7242701","",NA,NA
"","rs7989322","",NA,NA
"","rs7214685","",NA,NA
"","rs41432644","",NA,NA
"","rs9509982","",NA,NA
"","rs7100515","",NA,NA
"","rs570153","",NA,NA
"","rs7621839","",NA,NA
"","rs9904592","",NA,NA
"","rs7624247","",NA,NA
"","rs9598458","",NA,NA
"","rs7655357","",NA,NA
"","rs4884747","",NA,NA
"","rs7040608","",NA,NA
"","rs9369325","",NA,NA
"","rs938804","",NA,NA
"","rs7005641","",NA,NA
"","rs9633948","",NA,NA
"","rs7650357","",NA,NA
"","rs9318525","",NA,NA
"","rs7651888","",NA,NA
"","rs7148755","",NA,NA
"","rs4292923","",NA,NA
"","rs728244","",NA,NA
"","rs5956063","",NA,NA
"","rs9465332","",NA,NA
"","rs6791599","",NA,NA
"","rs6067733","",NA,NA
"","rs7721159","",NA,NA
"","rs6023013","",NA,NA
"","rs7683823","",NA,NA
"","rs7184386","",NA,NA
"","rs4696592","",NA,NA
"","rs6035924","",NA,NA
"","rs6781362","",NA,NA
"","rs4981166","",NA,NA
"","rs7331080","",NA,NA
"","rs9434615","",NA,NA
"","rs8053877","",NA,NA
"","rs7972255","",NA,NA
"","rs961244","",NA,NA
"","rs7933667","",NA,NA
"","rs6800441","",NA,NA
"","rs871234","",NA,NA
"","rs9884193","",NA,NA
"","rs7318474","",NA,NA
"","rs8044698","",NA,NA
"","rs887809","",NA,NA
"","rs6983881","",NA,NA
"","rs9892611","",NA,NA
"","rs7815479","",NA,NA
"","rs6945984","",NA,NA
"","rs6932551","",NA,NA
"","rs9346301","",NA,NA
"","rs4769200","",NA,NA
"","rs7565497","",NA,NA
"","rs4905865","",NA,NA
"","rs7529500","",NA,NA
"","rs7553734","",NA,NA
"","rs9842624","",NA,NA
"","rs4698233","",NA,NA
"","rs7331798","",NA,NA
"","rs9864349","",NA,NA
"","rs9842478","",NA,NA
"","rs7693338","",NA,NA
"","rs760261","",NA,NA
"","rs7316728","",NA,NA
"","rs7080654","",NA,NA
"","rs9878447","",NA,NA
"","rs6025158","",NA,NA
"","rs7616587","",NA,NA
"","rs7700052","",NA,NA
"","rs7061393","",NA,NA
"","rs9856736","",NA,NA
"","rs859811","",NA,NA
"","rs7584378","",NA,NA
"","rs7607460","",NA,NA
"","rs9845173","",NA,NA
"","rs7677638","",NA,NA
"","rs7719119","",NA,NA
"","rs731399","",NA,NA
"","rs6496141","",NA,NA
"","rs7999704","",NA,NA
"","rs602905","",NA,NA
"","rs7811855","",NA,NA
"ENSG00000002822","rs1637760","intron_variant",53257,"MAD1L1"
"ENSG00000003147","rs7805508","intron_variant",32563,"ICA1"
"ENSG00000004948","rs12154758","intron_variant",43433,"CALCR"
"ENSG00000008256","rs10247585","intron_variant",28499,"CYTH3"
"ENSG00000011347","rs3862736","intron_variant",9891,"SYT7"
"ENSG00000015592","rs6557989","intron_variant",5597,"STMN4"
"ENSG00000021645","rs1863033","intron_variant",568571,"NRXN3"
"ENSG00000023171","rs11219198","intron_variant",70670,"GRAMD1B"
"ENSG00000023697","rs7969174","intron_variant",30418,"DERA"
"ENSG00000025770","rs6010133","intron_variant",6871,"NCAPH2"
"ENSG00000034053","rs4779767","intron_variant",20335,"APBA2"
"ENSG00000038382","rs6887662","intron_variant",90761,"TRIO"
"ENSG00000039560","rs10077678","intron_variant",52458,"RAI14"
"ENSG00000046604","rs10502571","intron_variant",4876,"DSG2"
"ENSG00000047457","rs16861598","intron_variant",9762,"CP"
"ENSG00000048471","rs7195034","intron_variant",198893,"SNX29"
"ENSG00000048540","rs2058798","intron_variant",15931,"LMO3"
"ENSG00000048707","rs10492976","intron_variant",113307,"VPS13D"
"ENSG00000048740","rs11257029","intron_variant",94813,"CELF2"
"ENSG00000052126","rs1991587","intron_variant",107656,"PLEKHA5"
"ENSG00000054392","rs7550703","intron_variant",112615,"HHAT"
"ENSG00000054611","rs6009072","intron_variant",195767,"TBC1D22A"
"ENSG00000054611","rs5767536","intron_variant",24194,"TBC1D22A"
"ENSG00000056050","rs10020331","intron_variant",8503,"HPF1"
"ENSG00000060709","rs1881062","intron_variant",14612,"RIMBP2"
"ENSG00000062822","rs2546558","intron_variant",9322,"POLD1"
"ENSG00000063046","rs4919697","intron_variant",14492,"EIF4B"
"ENSG00000064607","rs10404860","missense_variant",8824,"SUGP2"
"ENSG00000065413","rs6725302","intron_variant",142821,"ANKRD44"
"ENSG00000065534","rs820335","intron_variant",86618,"MYLK"
"ENSG00000065534","rs17125","intron_variant",91196,"MYLK"
"ENSG00000065559","rs2159141","intron_variant",57767,"MAP2K4"
"ENSG00000065615","rs1581800","intron_variant",8193,"CYB5R4"
"ENSG00000065809","rs7079806","intron_variant",80868,"FAM107B"
"ENSG00000066032","rs9677627","intron_variant",403921,"CTNNA2"
"ENSG00000066032","rs1979515","intron_variant",534053,"CTNNA2"
"ENSG00000066279","rs3891964","intron_variant",12817,"ASPM"
"ENSG00000066827","rs16905201","intron_variant",90838,"ZFAT"
"ENSG00000067141","rs4539561","intron_variant",92118,"NEO1"
"ENSG00000067182","rs4149623","intron_variant",664,"TNFRSF1A"
"ENSG00000067798","rs7305246","intron_variant",1520,"NAV3"
"ENSG00000068724","rs13423962","intron_variant",12246,"TTC7A"
"ENSG00000068885","rs2275150","intron_variant",28674,"IFT80"
"ENSG00000069509","rs6610953","intron_variant",1919,"FUNDC1"
"ENSG00000069667","rs1234805","intron_variant",361116,"RORA"
"ENSG00000070729","rs9928234","intron_variant",10713,"CNGB1"
"ENSG00000071054","rs4384813","intron_variant",45754,"MAP4K4"
"ENSG00000071909","rs7578592","intron_variant",173784,"MYO3B"
"ENSG00000072786","rs7736784","intron_variant",24706,"STK10"
"ENSG00000073282","rs13327249","intron_variant",48868,"TP63"
"ENSG00000073614","rs2284336","intron_variant",34604,"KDM5A"
"ENSG00000074706","rs1505579","3_prime_UTR_variant",4557,"IPCEF1"
"ENSG00000075420","rs1523326","intron_variant",13182,"FNDC3B"
"ENSG00000077238","rs3024668","intron_variant",4150,"IL4R"
"ENSG00000077549","rs4912105","intron_variant",11079,"CAPZB"
"ENSG00000078328","rs1034978","intron_variant",130237,"RBFOX1"
"ENSG00000078328","rs11077049","intron_variant",535065,"RBFOX1"
"ENSG00000078328","rs1827980","intron_variant",126971,"RBFOX1"
"ENSG00000078328","rs9935793","intron_variant",237964,"RBFOX1"
"ENSG00000078328","rs7188849","intron_variant",689355,"RBFOX1"
"ENSG00000078725","rs230103","intron_variant",1674,"BRINP1"
"ENSG00000081320","rs16845888","intron_variant",15844,"STK17B"
"ENSG00000082482","rs6700379","intron_variant",43185,"KCNK2"
"ENSG00000082805","rs2057800","intron_variant",38439,"ERC1"
"ENSG00000084628","rs12033154","intron_variant",26649,"NKAIN1"
"ENSG00000084636","rs10493049","intron_variant",739,"COL16A1"
"ENSG00000085276","rs9809961","intron_variant",83733,"MECOM"
"ENSG00000085377","rs1190059","intron_variant",38617,"PREP"
"ENSG00000087495","rs1184735","intron_variant",46764,"PHACTR3"
"ENSG00000087495","rs16983054","intron_variant",116282,"PHACTR3"
"ENSG00000088280","rs2742957","intron_variant",8135,"ASAP3"
"ENSG00000088298","rs17092304","intron_variant",1905,"EDEM2"
"ENSG00000088812","rs6051991","intron_variant",12381,"ATRN"
"ENSG00000089486","rs8044698","intron_variant",11705,"CDIP1"
"ENSG00000091428","rs4972856","intron_variant",44626,"RAPGEF4"
"ENSG00000091490","rs7667147","intron_variant",32221,"SEL1L3"
"ENSG00000095203","rs10979748","intron_variant",36560,"EPB41L4B"
"ENSG00000099954","rs1858758","intron_variant",55042,"CECR2"
"ENSG00000100320","rs12168968","intron_variant",33625,"RBFOX2"
"ENSG00000100335","rs8137469","3_prime_UTR_variant",2783,"MIEF1"
"ENSG00000100422","rs11913160","intron_variant",25530,"CERK"
"ENSG00000100503","rs7146139","intron_variant",46723,"NIN"
"ENSG00000100599","rs10467867","intron_variant",28059,"RIN3"
"ENSG00000100599","rs6575264","intron_variant",4988,"RIN3"
"ENSG00000100916","rs12890607","intron_variant",7139,"BRMS1L"
"ENSG00000101134","rs3787397","intron_variant",1031,"DOK5"
"ENSG00000101280","rs910389","intron_variant",2255,"ANGPT4"
"ENSG00000101493","rs689827","intron_variant",13685,"ZNF516"
"ENSG00000101542","rs1495807","intron_variant",2934,"CDH20"
"ENSG00000101605","rs8087321","intron_variant",51350,"MYOM1"
"ENSG00000101751","rs3730752","intron_variant",13335,"POLI"
"ENSG00000102024","rs9887400","intron_variant",26005,"PLS3"
"ENSG00000102221","rs17147434","intron_variant",19479,"JADE3"
"ENSG00000102452","rs1333758","intron_variant",170976,"NALCN"
"ENSG00000102755","rs7981680","intron_variant",19387,"FLT1"
"ENSG00000103222","rs35629","intron_variant",65468,"ABCC1"
"ENSG00000104043","rs16963019","intron_variant",32031,"ATP8B4"
"ENSG00000104059","rs8032547","intron_variant",222348,"ENTREP2"
"ENSG00000104341","rs2513956","intron_variant",27040,"LAPTM4B"
"ENSG00000104691","rs16877332","intron_variant",318,"UBXN8"
"ENSG00000104814","rs10404936","intron_variant",293,"MAP4K1"
"ENSG00000104880","rs1025281","missense_variant",26847,"ARHGEF18"
"ENSG00000105186","rs8112647","intron_variant",11775,"ANKRD27"
"ENSG00000105639","rs3212752","intron_variant",10059,"JAK3"
"ENSG00000106066","rs6462122","intron_variant",48522,"CPVL"
"ENSG00000106105","rs16875290","intron_variant",8608,"GARS1"
"ENSG00000106571","rs6965961","intron_variant",109085,"GLI3"
"ENSG00000106868","rs10981230","intron_variant",8501,"SUSD1"
"ENSG00000106952","rs3181360","intron_variant",1313,"TNFSF8"
"ENSG00000107077","rs10975932","intron_variant",193727,"KDM4C"
"ENSG00000107282","rs1411441","intron_variant",76678,"APBA1"
"ENSG00000107282","rs2309515","intron_variant",62360,"APBA1"
"ENSG00000107736","rs1417207","intron_variant",2030,"CDH23"
"ENSG00000108001","rs658534","intron_variant",14892,"EBF3"
"ENSG00000109452","rs336330","intron_variant",78450,"INPP4B"
"ENSG00000109756","rs1133055","intron_variant",59361,"RAPGEF2"
"ENSG00000110400","rs11217428","intron_variant",6921,"NECTIN1"
"ENSG00000110422","rs16924133","intron_variant",46449,"HIPK3"
"ENSG00000110786","rs11024787","intron_variant",29558,"PTPN5"
"ENSG00000111110","rs536881","intron_variant",118937,"PPM1H"
"ENSG00000111371","rs11836863","intron_variant",38814,"SLC38A1"
"ENSG00000111880","rs6932225","intron_variant",97027,"RNGTT"
"ENSG00000111912","rs3813375","intron_variant",6788,"NCOA7"
"ENSG00000112175","rs9475402","intron_variant",22204,"BMP5"
"ENSG00000112297","rs2353589","intron_variant",83360,"CRYBG1"
"ENSG00000112367","rs10659","3_prime_UTR_variant",132,"FIG4"
"ENSG00000112419","rs7769992","intron_variant",39083,"PHACTR2"
"ENSG00000112685","rs2493013","intron_variant",31196,"EXOC2"
"ENSG00000112699","rs17134714","intron_variant",103606,"GMDS"
"ENSG00000112699","rs2569885","intron_variant",40635,"GMDS"
"ENSG00000112799","rs17142407","intron_variant",21951,"LY86"
"ENSG00000112902","rs1805971","intron_variant",168997,"SEMA5A"
"ENSG00000113100","rs9293255","intron_variant",68749,"CDH9"
"ENSG00000113140","rs725936","intron_variant",9431,"SPARC"
"ENSG00000114861","rs4677530","intron_variant",183013,"FOXP1"
"ENSG00000114861","rs4327353","intron_variant",229185,"FOXP1"
"ENSG00000115252","rs2623421","intron_variant",111884,"PDE1A"
"ENSG00000115414","rs1250270","intron_variant",17685,"FN1"
"ENSG00000115685","rs2268904","intron_variant",1347,"PPP1R7"
"ENSG00000115756","rs12477018","intron_variant",47883,"HPCAL1"
"ENSG00000116141","rs1073461","intron_variant",25322,"MARK1"
"ENSG00000116151","rs2840528","intron_variant",31204,"MORN1"
"ENSG00000116678","rs10889553","intron_variant",19914,"LEPR"
"ENSG00000116786","rs6682484","intron_variant",1570,"PLEKHM2"
"ENSG00000116871","rs272826","intron_variant",6298,"MAP7D1"
"ENSG00000116996","rs520720","synonymous_variant",4086,"ZP4"
"ENSG00000117154","rs1341306","intron_variant",130377,"IGSF21"
"ENSG00000117643","rs4659378","intron_variant",23197,"MAN1C1"
"ENSG00000117643","rs3014705","intron_variant",44887,"MAN1C1"
"ENSG00000117758","rs11247683","intron_variant",1977,"STX12"
"ENSG00000118503","rs5029939","intron_variant",7327,"TNFAIP3"
"ENSG00000118702","rs7271761","intron_variant",2492,"GHRH"
"ENSG00000118777","rs3114015","intron_variant",18466,"ABCG2"
"ENSG00000118900","rs2660228","intron_variant",4063,"UBN1"
"ENSG00000119280","rs6673201","3_prime_UTR_variant",1464,"C1orf198"
"ENSG00000119487","rs7870398","intron_variant",15274,"MAPKAP1"
"ENSG00000119946","rs7084684","intron_variant",19228,"CNNM1"
"ENSG00000120254","rs1771798","intron_variant",94729,"MTHFD1L"
"ENSG00000120278","rs9480548","intron_variant",103846,"PLEKHG1"
"ENSG00000120458","rs10466604","intron_variant",16376,"MSANTD2"
"ENSG00000120725","rs6596462","intron_variant",97665,"SIL1"
"ENSG00000120875","rs7836494","intron_variant",8224,"DUSP4"
"ENSG00000120910","rs9785089","intron_variant",3722,"PPP3CC"
"ENSG00000120992","rs7844299","intron_variant",3468,"LYPLA1"
"ENSG00000121210","rs11931144","intron_variant",76331,"TMEM131L"
"ENSG00000121552","rs9289190","intron_variant",6528,"CSTA"
"ENSG00000121904","rs989661","intron_variant",238332,"CSMD2"
"ENSG00000122025","rs4771206","intron_variant",44020,"FLT3"
"ENSG00000122145","rs195293","synonymous_variant",3764,"TBX22"
"ENSG00000122786","rs1869260","intron_variant",89509,"CALD1"
"ENSG00000123636","rs16843897","intron_variant",14265,"BAZ2B"
"ENSG00000124143","rs1883784","intron_variant",4686,"ARHGAP40"
"ENSG00000124215","rs168982","intron_variant",6377,"CDH26"
"ENSG00000124216","rs16995010","intron_variant",2800,"SNAI1"
"ENSG00000124225","rs1556176","intron_variant",19307,"PMEPA1"
"ENSG00000124343","rs311121","intron_variant",9868,"XG"
"ENSG00000124469","rs6509019","intron_variant",5858,"CEACAM8"
"ENSG00000124491","rs10484323","intron_variant",48709,"F13A1"
"ENSG00000124491","rs3024347","intron_variant",17684,"F13A1"
"ENSG00000124491","rs13362722","intron_variant",26728,"F13A1"
"ENSG00000124831","rs6720803","intron_variant",49037,"LRRFIP1"
"ENSG00000125656","rs7253024","intron_variant",1182,"CLPP"
"ENSG00000125851","rs2206452","intron_variant",75725,"PCSK2"
"ENSG00000126733","rs6524598","intron_variant",71866,"DACH2"
"ENSG00000126821","rs7148755","intron_variant",12894,"SGPP1"
"ENSG00000126856","rs12925933","missense_variant",2384,"PRDM7"
"ENSG00000128274","rs130397","intron_variant",5016,"A4GALT"
"ENSG00000128512","rs17158863","intron_variant",92969,"DOCK4"
"ENSG00000128849","rs1706390","intron_variant",14332,"CGNL1"
"ENSG00000129151","rs7937175","intron_variant",23001,"BBOX1"
"ENSG00000129566","rs938892","intron_variant",14171,"TEP1"
"ENSG00000130226","rs7456519","intron_variant",181457,"DPP6"
"ENSG00000130477","rs10413542","intron_variant",10223,"UNC13A"
"ENSG00000131370","rs9310473","intron_variant",38008,"SH3BP5"
"ENSG00000132669","rs10485593","intron_variant",57131,"RIN2"
"ENSG00000132938","rs2388084","intron_variant",33079,"MTUS2"
"ENSG00000132938","rs4769711","intron_variant",206563,"MTUS2"
"ENSG00000133019","rs10802777","intron_variant",200524,"CHRM3"
"ENSG00000133083","rs9601350","intron_variant",28975,"DCLK1"
"ENSG00000133401","rs6450874","intron_variant",210551,"PDZD2"
"ENSG00000133424","rs9680635","intron_variant",67112,"LARGE1"
"ENSG00000133424","rs5994713","intron_variant",23025,"LARGE1"
"ENSG00000133454","rs7292491","intron_variant",57285,"MYO18B"
"ENSG00000133789","rs1496475","intron_variant",6263,"SWAP70"
"ENSG00000133816","rs2641942","intron_variant",36057,"MICAL2"
"ENSG00000133816","rs16910545","intron_variant",9392,"MICAL2"
"ENSG00000134020","rs4872540","intron_variant",28217,"PEBP4"
"ENSG00000134070","rs9310359","intron_variant",24615,"IRAK2"
"ENSG00000134324","rs16857866","intron_variant",23960,"LPIN1"
"ENSG00000134470","rs7910212","intron_variant",10380,"IL15RA"
"ENSG00000134516","rs6890267","intron_variant",8859,"DOCK2"
"ENSG00000134802","rs3851116","intron_variant",8669,"SLC43A3"
"ENSG00000135083","rs2421779","intron_variant",3222,"CCNJL"
"ENSG00000135362","rs980048","intron_variant",41997,"PRR5L"
"ENSG00000135374","rs7941147","intron_variant",3131,"ELF5"
"ENSG00000135473","rs2643626","intron_variant",1266,"PAN2"
"ENSG00000135540","rs17053783","intron_variant",9303,"NHSL1"
"ENSG00000135709","rs11648527","intron_variant",32512,"KIAA0513"
"ENSG00000135749","rs10489807","intron_variant",46560,"PCNX2"
"ENSG00000135749","rs1294324","intron_variant",2644,"PCNX2"
"ENSG00000135945","rs13430962","intron_variant",10108,"REV1"
"ENSG00000135960","rs260699","intron_variant",38231,"EDAR"
"ENSG00000136002","rs12470817","intron_variant",101132,"ARHGEF4"
"ENSG00000136002","rs7606538","intron_variant",20055,"ARHGEF4"
"ENSG00000136068","rs9311665","intron_variant",45877,"FLNB"
"ENSG00000136111","rs4605022","intron_variant",84066,"TBC1D4"
"ENSG00000136205","rs10279935","intron_variant",98105,"TNS3"
"ENSG00000136250","rs10273902","intron_variant",9697,"AOAH"
"ENSG00000136267","rs6461071","intron_variant",62024,"DGKB"
"ENSG00000136280","rs10227754","intron_variant",15610,"CCM2"
"ENSG00000136750","rs12267286","intron_variant",18414,"GAD2"
"ENSG00000136813","rs3737125","intron_variant",29220,"ECPAS"
"ENSG00000136928","rs2808529","intron_variant",132271,"GABBR2"
"ENSG00000137177","rs7773400","intron_variant",73210,"KIF13A"
"ENSG00000137434","rs7744606","intron_variant",2328,"C6orf52"
"ENSG00000137709","rs1941410","intron_variant",19489,"POU2F3"
"ENSG00000137766","rs2163194","intron_variant",92339,"UNC13C"
"ENSG00000137869","rs8031463","intron_variant",34254,"CYP19A1"
"ENSG00000138119","rs701878","intron_variant",69203,"MYOF"
"ENSG00000138193","rs6583929","intron_variant",163203,"PLCE1"
"ENSG00000138639","rs13150113","intron_variant",234262,"ARHGAP24"
"ENSG00000138670","rs2868215","intron_variant",15732,"RASGEF1B"
"ENSG00000138780","rs10026373","intron_variant",7951,"GSTCD"
"ENSG00000138944","rs8138951","intron_variant",27625,"SHISAL1"
"ENSG00000139083","rs4763730","intron_variant",14741,"ETV6"
"ENSG00000139132","rs12315721","intron_variant",75550,"FGD4"
"ENSG00000139218","rs7971936","intron_variant",31232,"SCAF11"
"ENSG00000139973","rs217632","intron_variant",98353,"SYT16"
"ENSG00000140025","rs1815433","intron_variant",15837,"EFCAB11"
"ENSG00000140107","rs8007596","intron_variant",1197,"SLC25A47"
"ENSG00000140443","rs11854132","intron_variant",37562,"IGF1R"
"ENSG00000140521","rs3176190","intron_variant",9106,"POLG"
"ENSG00000140718","rs708248","intron_variant",25783,"FTO"
"ENSG00000140750","rs8045281","intron_variant",34006,"ARHGAP17"
"ENSG00000140937","rs10500507","intron_variant",34992,"CDH11"
"ENSG00000140945","rs1387377","intron_variant",316164,"CDH13"
"ENSG00000141401","rs8084851","intron_variant",8809,"IMPA2"
"ENSG00000141510","rs12602273","intron_variant",7795,"TP53"
"ENSG00000141622","rs16978547","intron_variant",24326,"ARK2C"
"ENSG00000141639","rs17742551","intron_variant",37740,"MAPK4"
"ENSG00000141837","rs10416717","intron_variant",95765,"CACNA1A"
"ENSG00000141837","rs1120559","intron_variant",17717,"CACNA1A"
"ENSG00000142192","rs216772","intron_variant",66404,"APP"
"ENSG00000143036","rs859075","intron_variant",11530,"SLC44A3"
"ENSG00000143110","rs6692745","intron_variant",1975,"C1orf162"
"ENSG00000143199","rs203814","intron_variant",45908,"ADCY10"
"ENSG00000143341","rs10911794","intron_variant",193058,"HMCN1"
"ENSG00000143434","rs6674970","intron_variant",2828,"SEMA6C"
"ENSG00000143473","rs12040372","intron_variant",24045,"KCNH1"
"ENSG00000143569","rs1212352","intron_variant",4040,"UBAP2L"
"ENSG00000143641","rs41513546","intron_variant",72712,"GALNT2"
"ENSG00000143641","rs7529252","intron_variant",3906,"GALNT2"
"ENSG00000143995","rs11692361","intron_variant",61442,"MEIS1"
"ENSG00000144451","rs7583970","intron_variant",448945,"SPAG16"
"ENSG00000144452","rs2970963","intron_variant",31289,"ABCA12"
"ENSG00000144468","rs4675105","intron_variant",21331,"RHBDD1"
"ENSG00000144481","rs10490014","intron_variant",46495,"TRPM8"
"ENSG00000144559","rs7638269","intron_variant",21981,"TAMM41"
"ENSG00000144589","rs674262","intron_variant",5589,"STK11IP"
"ENSG00000144642","rs9820503","intron_variant",90344,"RBMS3"
"ENSG00000144642","rs6789532","intron_variant",302017,"RBMS3"
"ENSG00000144668","rs1892803","intron_variant",103851,"ITGA9"
"ENSG00000144749","rs3856601","intron_variant",25325,"LRIG1"
"ENSG00000145242","rs10006892","intron_variant",123196,"EPHA5"
"ENSG00000145476","rs7676565","intron_variant",2199,"CYP4V2"
"ENSG00000145555","rs10213765","intron_variant",88197,"MYO10"
"ENSG00000145642","rs7716441","intron_variant",8720,"SHISAL2B"
"ENSG00000145685","rs6883870","intron_variant",25480,"LHFPL2"
"ENSG00000145934","rs4349736","intron_variant",317446,"TENM2"
"ENSG00000145934","rs7708354","intron_variant",46869,"TENM2"
"ENSG00000145934","rs17070005","intron_variant",50095,"TENM2"
"ENSG00000145982","rs11963854","intron_variant",144922,"FARS2"
"ENSG00000145996","rs7754027","intron_variant",4032,"CDKAL1"
"ENSG00000146555","rs11976431","intron_variant",186787,"SDK1"
"ENSG00000146555","rs10251426","intron_variant",398595,"SDK1"
"ENSG00000146592","rs7779184","intron_variant",6721,"CREB5"
"ENSG00000147257","rs2284128","intron_variant",23249,"GPC3"
"ENSG00000147488","rs7388668","intron_variant",28140,"ST18"
"ENSG00000147509","rs7838182","intron_variant",13616,"RGS20"
"ENSG00000147647","rs2853170","intron_variant",28497,"DPYS"
"ENSG00000147862","rs16931356","intron_variant",33793,"NFIB"
"ENSG00000148358","rs10819601","3_prime_UTR_variant",1040,"GPR107"
"ENSG00000148484","rs7899419","intron_variant",78847,"RSU1"
"ENSG00000148498","rs12415499","3_prime_UTR_variant",31,"PARD3"
"ENSG00000148948","rs12295644","intron_variant",57583,"LRRC4C"
"ENSG00000149305","rs1176738","intron_variant",11706,"HTR3B"
"ENSG00000149403","rs12289919","intron_variant",174782,"GRIK4"
"ENSG00000149418","rs7950184","intron_variant",8810,"ST14"
"ENSG00000149596","rs6124623","intron_variant",11102,"JPH2"
"ENSG00000150051","rs7358151","intron_variant",17176,"MKX"
"ENSG00000150361","rs11840536","intron_variant",115201,"KLHL1"
"ENSG00000150471","rs335339","intron_variant",264828,"ADGRL3"
"ENSG00000150540","rs16840064","intron_variant",11083,"HNMT"
"ENSG00000150672","rs17145887","intron_variant",196261,"DLG2"
"ENSG00000151067","rs7957163","3_prime_UTR_variant",1484,"CACNA1C"
"ENSG00000151067","rs12302646","intron_variant",166767,"CACNA1C"
"ENSG00000151276","rs7642599","intron_variant",77986,"MAGI1"
"ENSG00000151276","rs2061937","3_prime_UTR_variant",1707,"MAGI1"
"ENSG00000151322","rs11156800","intron_variant",267341,"NPAS3"
"ENSG00000151322","rs8015959","intron_variant",72837,"NPAS3"
"ENSG00000151322","rs243302","intron_variant",327208,"NPAS3"
"ENSG00000151322","rs1012023","intron_variant",317170,"NPAS3"
"ENSG00000151338","rs1955946","intron_variant",110363,"MIPOL1"
"ENSG00000151502","rs7936592","intron_variant",2567,"VPS26B"
"ENSG00000151693","rs11682319","intron_variant",4426,"ASAP2"
"ENSG00000151702","rs7124123","intron_variant",49006,"FLI1"
"ENSG00000151746","rs11051944","intron_variant",50649,"BICD1"
"ENSG00000151789","rs9846163","intron_variant",149272,"ZNF385D"
"ENSG00000151893","rs10510046","intron_variant",17245,"CACUL1"
"ENSG00000151914","rs11970410","intron_variant",198957,"DST"
"ENSG00000151952","rs12580240","intron_variant",90301,"TMEM132D"
"ENSG00000151952","rs7975245","intron_variant",368523,"TMEM132D"
"ENSG00000151952","rs1567760","intron_variant",30808,"TMEM132D"
"ENSG00000152061","rs17838246","intron_variant",404088,"RABGAP1L"
"ENSG00000152061","rs11806870","intron_variant",12219,"RABGAP1L"
"ENSG00000152128","rs6718078","intron_variant",9212,"TMEM163"
"ENSG00000152208","rs12649061","intron_variant",464342,"GRID2"
"ENSG00000152217","rs9967367","intron_variant",42384,"SETBP1"
"ENSG00000152217","rs7234298","intron_variant",25023,"SETBP1"
"ENSG00000152377","rs7735709","intron_variant",60793,"SPOCK1"
"ENSG00000152894","rs1012049","intron_variant",240377,"PTPRK"
"ENSG00000152910","rs9923061","intron_variant",13063,"CNTNAP4"
"ENSG00000152932","rs16888496","intron_variant",126806,"RAB3C"
"ENSG00000152932","rs10461442","intron_variant",50655,"RAB3C"
"ENSG00000152936","rs3863354","intron_variant",15641,"LMNTD1"
"ENSG00000153246","rs1567538","intron_variant",53844,"PLA2R1"
"ENSG00000153707","rs1004489","intron_variant",419152,"PTPRD"
"ENSG00000153707","rs7027686","intron_variant",118776,"PTPRD"
"ENSG00000153707","rs2498599","intron_variant",396166,"PTPRD"
"ENSG00000153721","rs6916438","intron_variant",53875,"CNKSR3"
"ENSG00000153721","rs6916438","splice_polypyrimidine_tract_variant",53875,"CNKSR3"
"ENSG00000153814","rs17156078","intron_variant",118493,"JAZF1"
"ENSG00000153815","rs9933631","intron_variant",14986,"CMIP"
"ENSG00000153823","rs31276","intron_variant",31831,"PID1"
"ENSG00000153930","rs7219938","intron_variant",46369,"ANKFN1"
"ENSG00000153944","rs10853000","intron_variant",173445,"MSI2"
"ENSG00000153944","rs9904395","intron_variant",101391,"MSI2"
"ENSG00000154080","rs41356748","intron_variant",24617,"CHST9"
"ENSG00000154127","rs10892907","intron_variant",10605,"UBASH3B"
"ENSG00000154309","rs2889945","intron_variant",8527,"DISP1"
"ENSG00000154975","rs9906298","intron_variant",72570,"CA10"
"ENSG00000155052","rs7571244","intron_variant",66379,"CNTNAP5"
"ENSG00000155093","rs12698138","intron_variant",494912,"PTPRN2"
"ENSG00000155158","rs7037559","intron_variant",24363,"TTC39B"
"ENSG00000155158","rs16932980","intron_variant",7423,"TTC39B"
"ENSG00000155313","rs1022457","intron_variant",12652,"USP25"
"ENSG00000155438","rs12616209","intron_variant",4853,"NIFK"
"ENSG00000155511","rs778825","intron_variant",106095,"GRIA1"
"ENSG00000155849","rs13438217","intron_variant",258629,"ELMO1"
"ENSG00000155897","rs7824021","intron_variant",47285,"ADCY8"
"ENSG00000155897","rs867964","intron_variant",8288,"ADCY8"
"ENSG00000156011","rs11203979","intron_variant",137474,"PSD3"
"ENSG00000156049","rs12336943","intron_variant",82552,"GNA14"
"ENSG00000156113","rs7070554","intron_variant",52899,"KCNMA1"
"ENSG00000156395","rs2451494","intron_variant",229603,"SORCS3"
"ENSG00000156515","rs10762276","intron_variant",14217,"HK1"
"ENSG00000156564","rs9394689","intron_variant",29237,"LRFN2"
"ENSG00000156787","rs16898043","intron_variant",8507,"TBC1D31"
"ENSG00000156804","rs4870855","intron_variant",5725,"FBXO32"
"ENSG00000157087","rs3774135","intron_variant",57783,"ATP2B2"
"ENSG00000157193","rs884586","intron_variant",11649,"LRP8"
"ENSG00000157326","rs10137990","intron_variant",2079,"DHRS4"
"ENSG00000157388","rs6766988","intron_variant",8290,"CACNA1D"
"ENSG00000157445","rs3923436","intron_variant",97462,"CACNA2D3"
"ENSG00000157680","rs3823550","intron_variant",185618,"DGKI"
"ENSG00000157680","rs3800665","intron_variant",55149,"DGKI"
"ENSG00000157703","rs7798990","intron_variant",14268,"SVOPL"
"ENSG00000157985","rs6431415","intron_variant",168332,"AGAP1"
"ENSG00000158161","rs537374","intron_variant",27984,"EYA3"
"ENSG00000158163","rs7622521","intron_variant",7083,"DZIP1L"
"ENSG00000158258","rs349543","intron_variant",40546,"CLSTN2"
"ENSG00000158296","rs368334","intron_variant",13578,"SLC13A3"
"ENSG00000158445","rs11905489","intron_variant",55014,"KCNB1"
"ENSG00000158560","rs12155512","intron_variant",111096,"DYNC1I1"
"ENSG00000158966","rs305580","intron_variant",40439,"CACHD1"
"ENSG00000158966","rs635154","intron_variant",72394,"CACHD1"
"ENSG00000159166","rs6671391","intron_variant",8755,"LAD1"
"ENSG00000159733","rs17132406","intron_variant",14142,"ZFYVE28"
"ENSG00000160179","rs2839481","intron_variant",30212,"ABCG1"
"ENSG00000160207","rs2117981","intron_variant",9499,"HSF2BP"
"ENSG00000162105","rs12290017","intron_variant",208830,"SHANK2"
"ENSG00000162129","rs12416804","intron_variant",51987,"CLPB"
"ENSG00000162374","rs2494884","intron_variant",16813,"ELAVL4"
"ENSG00000162378","rs6588439","intron_variant",17317,"ZYG11B"
"ENSG00000162692","rs3176879","synonymous_variant",774,"VCAM1"
"ENSG00000162849","rs7549549","intron_variant",206245,"KIF26B"
"ENSG00000162896","rs291092","intron_variant",6581,"PIGR"
"ENSG00000162946","rs16854785","intron_variant",65540,"DISC1"
"ENSG00000163116","rs1508468","intron_variant",95376,"STPG2"
"ENSG00000163207","rs7517189","intron_variant",724,"IVL"
"ENSG00000163347","rs41472149","intron_variant",3264,"CLDN1"
"ENSG00000163347","rs16865318","intron_variant",8369,"CLDN1"
"ENSG00000163554","rs10489840","intron_variant",11538,"SPTA1"
"ENSG00000163576","rs3916092","intron_variant",25093,"EFHB"
"ENSG00000163618","rs11130888","intron_variant",178686,"CADPS"
"ENSG00000163638","rs7642335","intron_variant",34541,"ADAMTS9"
"ENSG00000163683","rs16995404","intron_variant",22639,"SMIM14"
"ENSG00000163710","rs9784320","intron_variant",5318,"PCOLCE2"
"ENSG00000164093","rs6533526","3_prime_UTR_variant",248,"PITX2"
"ENSG00000164188","rs6451268","intron_variant",8349,"RANBP3L"
"ENSG00000164309","rs6880680","intron_variant",37052,"CMYA5"
"ENSG00000164512","rs16884834","intron_variant",17333,"ANKRD55"
"ENSG00000164830","rs16874823","intron_variant",226262,"OXR1"
"ENSG00000164946","rs10961780","intron_variant",12265,"FREM1"
"ENSG00000164946","rs7028604","intron_variant",5884,"FREM1"
"ENSG00000165061","rs1429967","intron_variant",2022,"ZMAT4"
"ENSG00000165072","rs2997685","intron_variant",48845,"MAMDC2"
"ENSG00000165097","rs6902280","intron_variant",19740,"KDM1B"
"ENSG00000165323","rs7125378","intron_variant",22089,"FAT3"
"ENSG00000165338","rs7478184","intron_variant",4605,"HECTD2"
"ENSG00000165409","rs7154960","intron_variant",63461,"TSHR"
"ENSG00000165475","rs7987204","intron_variant",13438,"CRYL1"
"ENSG00000165959","rs1211448","intron_variant",16940,"CLMN"
"ENSG00000165973","rs1791848","intron_variant",379413,"NELL1"
"ENSG00000166073","rs435224","intron_variant",45691,"GPR176"
"ENSG00000166073","rs381732","intron_variant",8251,"GPR176"
"ENSG00000166250","rs1944605","intron_variant",13096,"CLMP"
"ENSG00000166260","rs17817950","intron_variant",690,"COX11"
"ENSG00000166268","rs10879052","intron_variant",48367,"MYRFL"
"ENSG00000166501","rs9923820","intron_variant",145071,"PRKCB"
"ENSG00000166669","rs13335336","intron_variant",18232,"ATF7IP2"
"ENSG00000166833","rs2625334","intron_variant",198636,"NAV2"
"ENSG00000166833","rs12365265","intron_variant",30095,"NAV2"
"ENSG00000166862","rs6519029","intron_variant",41049,"CACNG2"
"ENSG00000166959","rs17155222","5_prime_UTR_variant",90,"MS4A8"
"ENSG00000166960","rs1379641","intron_variant",37817,"CCDC178"
"ENSG00000167281","rs1122490","intron_variant",133333,"RBFOX3"
"ENSG00000167637","rs16976816","intron_variant",7904,"ZNF283"
"ENSG00000167858","rs9901847","intron_variant",5498,"TEKT1"
"ENSG00000168079","rs939709","intron_variant",25086,"SCARA5"
"ENSG00000168216","rs4457128","intron_variant",42294,"LMBRD1"
"ENSG00000168675","rs6505813","intron_variant",203283,"LDLRAD4"
"ENSG00000168702","rs443719","intron_variant",516287,"LRP1B"
"ENSG00000168785","rs17027607","3_prime_UTR_variant",583,"TSPAN5"
"ENSG00000168955","rs4408717","intron_variant",5692,"TM4SF20"
"ENSG00000168959","rs581634","intron_variant",104878,"GRM5"
"ENSG00000169031","rs6754309","intron_variant",27028,"COL4A3"
"ENSG00000169032","rs6494571","intron_variant",15308,"MAP2K1"
"ENSG00000169116","rs3775530","intron_variant",12681,"PARM1"
"ENSG00000169189","rs7195194","missense_variant",11314,"NSMCE1"
"ENSG00000169330","rs6495405","intron_variant",12941,"MINAR1"
"ENSG00000169398","rs1020449","intron_variant",35292,"PTK2"
"ENSG00000169436","rs10107255","intron_variant",137728,"COL22A1"
"ENSG00000169862","rs2727583","intron_variant",281152,"CTNND2"
"ENSG00000169862","rs2245050","intron_variant",258025,"CTNND2"
"ENSG00000169862","rs258841","intron_variant",356827,"CTNND2"
"ENSG00000169918","rs11632840","intron_variant",101437,"OTUD7A"
"ENSG00000169933","rs5978532","intron_variant",282603,"FRMPD4"
"ENSG00000170289","rs10087190","intron_variant",19938,"CNGB3"
"ENSG00000170471","rs6100096","intron_variant",45498,"RALGAPB"
"ENSG00000170579","rs10468647","intron_variant",372743,"DLGAP1"
"ENSG00000170579","rs4798212","intron_variant",144510,"DLGAP1"
"ENSG00000170579","rs9963999","intron_variant",421466,"DLGAP1"
"ENSG00000170615","rs7779997","intron_variant",33219,"SLC26A5"
"ENSG00000171109","rs7355960","intron_variant",18549,"MFN1"
"ENSG00000171132","rs7592092","intron_variant",117880,"PRKCE"
"ENSG00000171132","rs6544843","intron_variant",65881,"PRKCE"
"ENSG00000171435","rs41459444","intron_variant",197005,"KSR2"
"ENSG00000171444","rs6594664","missense_variant",26999,"MCC"
"ENSG00000171444","rs6594664","synonymous_variant",26999,"MCC"
"ENSG00000171735","rs10495758","intron_variant",140377,"CAMTA1"
"ENSG00000171735","rs6577427","intron_variant",468717,"CAMTA1"
"ENSG00000171843","rs4448374","intron_variant",59133,"MLLT3"
"ENSG00000171914","rs2010675","intron_variant",46161,"TLN2"
"ENSG00000171914","rs9630428","intron_variant",145620,"TLN2"
"ENSG00000172260","rs1158573","intron_variant",405928,"NEGR1"
"ENSG00000172264","rs1017165","intron_variant",495550,"MACROD2"
"ENSG00000172292","rs1869369","intron_variant",116453,"CERS6"
"ENSG00000172318","rs16853751","intron_variant",262978,"B3GALT1"
"ENSG00000172461","rs4554330","intron_variant",94359,"FUT9"
"ENSG00000172752","rs6785181","intron_variant",55877,"COL6A5"
"ENSG00000172986","rs7640661","intron_variant",36535,"GXYLT2"
"ENSG00000173068","rs1927636","intron_variant",51928,"BNC2"
"ENSG00000173163","rs7355269","intron_variant",63119,"COMMD1"
"ENSG00000173482","rs10502360","intron_variant",203012,"PTPRM"
"ENSG00000174469","rs1525256","intron_variant",697012,"CNTNAP2"
"ENSG00000174469","rs11974602","intron_variant",318336,"CNTNAP2"
"ENSG00000174469","rs17170624","intron_variant",784769,"CNTNAP2"
"ENSG00000174469","rs2373177","intron_variant",703691,"CNTNAP2"
"ENSG00000174473","rs2653828","intron_variant",111622,"GALNTL6"
"ENSG00000174891","rs16829007","intron_variant",90600,"RSRC1"
"ENSG00000175189","rs776037","intron_variant",2831,"INHBC"
"ENSG00000175344","rs11635209","intron_variant",11279,"CHRNA7"
"ENSG00000175344","rs1399190","intron_variant",57346,"CHRNA7"
"ENSG00000175595","rs3136152","intron_variant",15823,"ERCC4"
"ENSG00000175806","rs11990555","intron_variant",139172,"MSRA"
"ENSG00000175894","rs2838578","intron_variant",29908,"TSPEAR"
"ENSG00000176463","rs3924426","intron_variant",48935,"SLCO3A1"
"ENSG00000177103","rs10892168","intron_variant",35932,"DSCAML1"
"ENSG00000177189","rs4129871","intron_variant",57164,"RPS6KA3"
"ENSG00000178217","rs2343527","intron_variant",4144,"SH2D4B"
"ENSG00000178538","rs10086973","intron_variant",7632,"CA8"
"ENSG00000178568","rs16775","intron_variant",214229,"ERBB4"
"ENSG00000178568","rs11887237","intron_variant",65128,"ERBB4"
"ENSG00000178568","rs11887436","3_prime_UTR_variant",3737,"ERBB4"
"ENSG00000179134","rs685125","intron_variant",17041,"SAMD4B"
"ENSG00000179241","rs6484807","intron_variant",38704,"LDLRAD3"
"ENSG00000179331","rs747145","intron_variant",10106,"RAB39A"
"ENSG00000179364","rs10142682","intron_variant",2340,"PACS2"
"ENSG00000179397","rs2813903","intron_variant",9920,"CATSPERE"
"ENSG00000179532","rs16915415","intron_variant",9322,"DNHD1"
"ENSG00000179832","rs6982878","splice_polypyrimidine_tract_variant",20272,"MROH1"
"ENSG00000179832","rs6982878","splice_region_variant",20272,"MROH1"
"ENSG00000179832","rs6982878","intron_variant",20272,"MROH1"
"ENSG00000179869","rs17729647","intron_variant",232328,"ABCA13"
"ENSG00000180071","rs10511949","intron_variant",21296,"ANKRD18A"
"ENSG00000180875","rs7525142","intron_variant",32550,"GREM2"
"ENSG00000181722","rs1274269","intron_variant",298600,"ZBTB20"
"ENSG00000182132","rs4867625","intron_variant",75034,"KCNIP1"
"ENSG00000182158","rs2352134","intron_variant",21690,"CREB3L2"
"ENSG00000182177","rs6760010","intron_variant",7438,"ASB18"
"ENSG00000182185","rs7147935","intron_variant",313055,"RAD51B"
"ENSG00000182240","rs2837968","intron_variant",46517,"BACE2"
"ENSG00000182240","rs2837974","intron_variant",51722,"BACE2"
"ENSG00000182463","rs6097296","intron_variant",228168,"TSHZ2"
"ENSG00000182463","rs7263115","intron_variant",212005,"TSHZ2"
"ENSG00000182621","rs6055744","intron_variant",198633,"PLCB1"
"ENSG00000182667","rs2512874","intron_variant",220783,"NTM"
"ENSG00000182667","rs7129025","intron_variant",325455,"NTM"
"ENSG00000182674","rs10808790","intron_variant",80875,"KCNB2"
"ENSG00000182732","rs41488847","intron_variant",81454,"RGS6"
"ENSG00000182771","rs1935495","intron_variant",369884,"GRID1"
"ENSG00000182901","rs4339853","intron_variant",239312,"RGS7"
"ENSG00000182957","rs1220558","intron_variant",33245,"SPATA13"
"ENSG00000182957","rs8001704","intron_variant",43268,"SPATA13"
"ENSG00000183032","rs11850405","intron_variant",7632,"SLC25A21"
"ENSG00000183049","rs4750250","intron_variant",98730,"CAMK1D"
"ENSG00000183067","rs10427525","intron_variant",5585,"IGSF5"
"ENSG00000183117","rs17079491","intron_variant",197558,"CSMD1"
"ENSG00000183117","rs2720743","intron_variant",884801,"CSMD1"
"ENSG00000183230","rs10822862","intron_variant",722624,"CTNNA3"
"ENSG00000183454","rs1448265","intron_variant",49177,"GRIN2A"
"ENSG00000183549","rs7194247","intron_variant",13462,"ACSM5"
"ENSG00000183654","rs16868050","intron_variant",3920,"MARCHF11"
"ENSG00000183715","rs1940147","intron_variant",199435,"OPCML"
"ENSG00000183715","rs11223262","intron_variant",472007,"OPCML"
"ENSG00000183780","rs2358204","intron_variant",129511,"SLC35F3"
"ENSG00000183840","rs7562954","intron_variant",75547,"GPR39"
"ENSG00000183960","rs7634126","intron_variant",48780,"KCNH8"
"ENSG00000184156","rs16904670","intron_variant",125278,"KCNQ3"
"ENSG00000184349","rs17159868","intron_variant",8317,"EFNA5"
"ENSG00000184611","rs11884875","intron_variant",175386,"KCNH7"
"ENSG00000184838","rs1449159","intron_variant",72925,"PRR16"
"ENSG00000184985","rs2285789","splice_polypyrimidine_tract_variant",88699,"SORCS2"
"ENSG00000184985","rs10470724","intron_variant",197064,"SORCS2"
"ENSG00000184985","rs2285789","intron_variant",88699,"SORCS2"
"ENSG00000184985","rs2285789","splice_region_variant",88699,"SORCS2"
"ENSG00000185052","rs7267519","intron_variant",127235,"SLC24A3"
"ENSG00000185274","rs7796112","intron_variant",195811,"GALNT17"
"ENSG00000185274","rs10272163","intron_variant",45297,"GALNT17"
"ENSG00000185313","rs7627424","intron_variant",8725,"SCN10A"
"ENSG00000185420","rs10924674","intron_variant",217764,"SMYD3"
"ENSG00000185483","rs834347","intron_variant",100752,"ROR1"
"ENSG00000185565","rs10511356","intron_variant",50596,"LSAMP"
"ENSG00000185736","rs2805575","intron_variant",185157,"ADARB2"
"ENSG00000185737","rs7897939","intron_variant",438209,"NRG3"
"ENSG00000185737","rs2207782","intron_variant",122249,"NRG3"
"ENSG00000185737","rs2078061","intron_variant",79034,"NRG3"
"ENSG00000185774","rs7655708","intron_variant",363860,"KCNIP4"
"ENSG00000186094","rs320050","intron_variant",175879,"AGBL4"
"ENSG00000186153","rs11640087","intron_variant",208371,"WWOX"
"ENSG00000186153","rs16948429","intron_variant",467552,"WWOX"
"ENSG00000186231","rs7767908","intron_variant",31091,"KLHL32"
"ENSG00000186453","rs11692176","intron_variant",6300,"FAM228A"
"ENSG00000186469","rs4901174","intron_variant",50584,"GNG2"
"ENSG00000186513","rs1376486","intron_variant",290,"OR9Q2"
"ENSG00000186567","rs2965157","intron_variant",1586,"CEACAM19"
"ENSG00000187079","rs7106453","intron_variant",51954,"TEAD1"
"ENSG00000187231","rs11901421","intron_variant",45968,"SESTD1"
"ENSG00000187323","rs1304551","intron_variant",445907,"DCC"
"ENSG00000187391","rs17150823","intron_variant",440055,"MAGI2"
"ENSG00000187391","rs13438707","intron_variant",6849,"MAGI2"
"ENSG00000187398","rs10834564","intron_variant",94185,"LUZP2"
"ENSG00000187398","rs2716454","intron_variant",234940,"LUZP2"
"ENSG00000187672","rs1495371","intron_variant",192334,"ERC2"
"ENSG00000187720","rs11636972","intron_variant",43959,"THSD4"
"ENSG00000188039","rs773835","intron_variant",44852,"NWD1"
"ENSG00000188523","rs17149074","intron_variant",18928,"CFAP77"
"ENSG00000188580","rs235679","intron_variant",137361,"NKAIN2"
"ENSG00000188596","rs7138099","intron_variant",41298,"CFAP54"
"ENSG00000188655","rs12590446","missense_variant",534,"RNASE9"
"ENSG00000188803","rs1513747","intron_variant",124475,"SHISA6"
"ENSG00000188859","rs4656479","intron_variant",28455,"FAM78B"
"ENSG00000189129","rs7071174","intron_variant",5993,"PLAC9"
"ENSG00000189283","rs17062799","intron_variant",593340,"FHIT"
"ENSG00000189283","rs17361780","intron_variant",39325,"FHIT"
"ENSG00000189283","rs9311796","intron_variant",122969,"FHIT"
"ENSG00000189337","rs12069438","intron_variant",162873,"KAZN"
"ENSG00000196090","rs6102671","intron_variant",16233,"PTPRT"
"ENSG00000196091","rs7958578","intron_variant",1645,"MYBPC1"
"ENSG00000196091","rs4764806","intron_variant",25388,"MYBPC1"
"ENSG00000196092","rs2376374","intron_variant",19781,"PAX5"
"ENSG00000196104","rs35646569","intron_variant",123630,"SPOCK3"
"ENSG00000196208","rs10174816","intron_variant",28959,"GREB1"
"ENSG00000196277","rs984123","intron_variant",431847,"GRM7"
"ENSG00000196277","rs7636104","intron_variant",158090,"GRM7"
"ENSG00000196353","rs1381083","intron_variant",64262,"CPNE4"
"ENSG00000196358","rs7849557","intron_variant",38542,"NTNG2"
"ENSG00000196361","rs1671825","intron_variant",3456,"ELAVL3"
"ENSG00000196639","rs17034099","intron_variant",23827,"HRH1"
"ENSG00000196781","rs7865343","intron_variant",29995,"TLE1"
"ENSG00000197299","rs7183308","intron_variant",2963,"BLM"
"ENSG00000197410","rs4696592","intron_variant",6744,"DCHS2"
"ENSG00000197415","rs2049241","intron_variant",79072,"VEPH1"
"ENSG00000197415","rs16827657","intron_variant",57570,"VEPH1"
"ENSG00000197535","rs1669872","intron_variant",84524,"MYO5A"
"ENSG00000198131","rs260445","intron_variant",5651,"ZNF544"
"ENSG00000198176","rs11843987","intron_variant",5201,"TFDP1"
"ENSG00000198589","rs17027116","intron_variant",209216,"LRBA"
"ENSG00000198597","rs2866971","intron_variant",76004,"ZNF536"
"ENSG00000198626","rs2275691","intron_variant",15018,"RYR2"
"ENSG00000198626","rs12087410","intron_variant",391797,"RYR2"
"ENSG00000198648","rs1878486","intron_variant",63907,"STK39"
"ENSG00000198721","rs9328222","intron_variant",4327,"ECI2"
"ENSG00000198838","rs12324605","intron_variant",176950,"RYR3"
"ENSG00000198929","rs2819328","intron_variant",56208,"NOS1AP"
"ENSG00000198947","rs6527130","intron_variant",789532,"DMD"
"ENSG00000198947","rs6631624","intron_variant",522035,"DMD"
"ENSG00000198948","rs6825939","intron_variant",19352,"MFAP3L"
"ENSG00000198963","rs1570500","intron_variant",89038,"RORB"
"ENSG00000203685","rs7519202","intron_variant",23206,"STUM"
"ENSG00000203727","rs9390476","intron_variant",20651,"SAMD5"
"ENSG00000203805","rs10788091","intron_variant",5576,"PLPP4"
"ENSG00000203857","rs6685275","intron_variant",3153,"HSD3B1"
"ENSG00000203867","rs4565841","intron_variant",37943,"RBM20"
"ENSG00000204291","rs1413299","intron_variant",55052,"COL15A1"
"ENSG00000204442","rs3909002","intron_variant",185871,"NALF1"
"ENSG00000204442","rs1408016","intron_variant",334227,"NALF1"
"ENSG00000205208","rs7697479","3_prime_UTR_variant",957,"C4orf46"
"ENSG00000205730","rs16971597","3_prime_UTR_variant",3489,"ITPRIPL2"
"ENSG00000206579","rs13439780","intron_variant",110428,"XKR4"
"ENSG00000206579","rs2622580","intron_variant",48808,"XKR4"
"ENSG00000214050","rs41495145","intron_variant",30354,"FBXO16"
"ENSG00000214237","rs16862934","intron_variant",7116,"MINDY4B"
"ENSG00000214866","rs12618771","intron_variant",11704,"DCDC2C"
"ENSG00000221955","rs640403","intron_variant",18893,"SLC12A8"
"ENSG00000230561","rs4836345","intron_variant",11184,"CCDC192"
"ENSG00000231824","rs9303973","intron_variant",26877,"AKAIN1"
"ENSG00000231824","rs10853328","intron_variant",5298,"AKAIN1"
"ENSG00000232125","rs16838492","intron_variant",22277,"DYTN"
"ENSG00000233932","rs8037482","intron_variant",4434,"CTXN2"
"ENSG00000239887","rs16861569","3_prime_UTR_variant",2096,"C1orf226"
"ENSG00000248905","rs2339190","intron_variant",71627,"FMN1"
"ENSG00000248905","rs1258735","intron_variant",10238,"FMN1"
"ENSG00000248905","rs237746","intron_variant",183510,"FMN1"
"ENSG00000248905","rs16960230","intron_variant",103286,"FMN1"
"ENSG00000263155","rs1346120","intron_variant",9855,"MYZAP"
"ENSG00000271503","rs16963927","intron_variant",2557,"CCL5"
"ENSG00000272899","rs2029623","intron_variant",913,"SPMIP1"
"ENSG00000273540","rs7183919","intron_variant",278527,"AGBL1"
"ENSG00000273559","rs3760144","3_prime_UTR_variant",738,"CWC25"
"ENSG00000276644","rs11148886","intron_variant",160816,"DACH1"
